1OUP_4|Chains	1OUP_4|Chains
1ZZJ_2|Chains	1ZZJ_2|Chains
1L5U_3|Chain	1L5U_3|Chain
1L5U_3|Chain	1NK5_3|Chain
1L5U_3|Chain	1U49_3|Chain
1L5U_3|Chain	1UA0_3|Chain
1L5U_3|Chain	1KLN_3|Chain
1L5U_3|Chain	1KFS_2|Chain
1EXI_2|Chain	1EXI_2|Chain
1OE6_1|Chains	1OE6_1|Chains
2C6Y_1|Chains	2C6Y_1|Chains
1NGM_3|Chains	1NGM_3|Chains
1NGM_3|Chains	1QN7_1|Chains
1NGM_4|Chains	1NGM_4|Chains
1EMH_3|Chain	1EMH_3|Chain
1A6B_2|Chain	1A6B_2|Chain
1U1R_2|Chain	1U1R_2|Chain
1U1R_2|Chain	1U1Q_2|Chain
1U1R_2|Chain	1U1M_2|Chain
1RZ9_3|Chains	1RZ9_3|Chains
1XI1_2|Chains	1XI1_2|Chains
1S77_4|Chain	1S77_4|Chain
1RGU_2|Chains	1RGU_2|Chains
1RGU_2|Chains	1RGT_2|Chains
1RGU_2|Chains	1NOP_2|Chains
1T2S_2|Chain	1T2S_2|Chain
1NNJ_3|Chain	1NNJ_3|Chain
1NNJ_3|Chain	1PM5_3|Chain
1NNJ_3|Chain	1KFV_3|Chains
1X9N_4|Chain	1X9N_4|Chain
2D5V_3|Chains	2D5V_3|Chains
2BNW_1|Chains	2BNW_1|Chains
2BNW_1|Chains	2BNZ_1|Chains
1R4I_3|Chains	1R4I_3|Chains
1ZR2_4|Chains	1ZR2_4|Chains
1MWJ_2|Chain	1MWJ_2|Chain
2FDH_2|Chain	2FDH_2|Chain
2FDH_2|Chain	2FD8_2|Chain
1M18_2|Chains	1M18_2|Chains
1M18_2|Chains	1P3M_2|Chains
1M18_3|Chains	1M18_3|Chains
1M18_3|Chains	1P3M_3|Chains
1M18_4|Chains	1M18_4|Chains
1M18_4|Chains	1P3M_4|Chains
1M18_5|Chains	1M18_5|Chains
1M18_5|Chains	1P3M_5|Chains
2DTU_3|Chains	2DTU_3|Chains
2DDG_3|Chain	2DDG_3|Chain
1F5E_3|Chain	1F5E_3|Chain
1P59_3|Chain	1P59_3|Chain
2ADY_2|Chains	2ADY_2|Chains
1B72_3|Chain	1B72_3|Chain
1B72_4|Chain	1B72_4|Chain
1RPZ_2|Chain	1RPZ_2|Chain
1U1Q_1|Chain	1U1Q_1|Chain
1F2I_2|Chains	1F2I_2|Chains
1YQR_3|Chain	1YQR_3|Chain
1RPE_3|Chains	1RPE_3|Chains
1BVO_3|Chain	1BVO_3|Chain
1ODG_1|Chain	1ODG_1|Chain
1VRR_2|Chains	1VRR_2|Chains
1NOP_3|Chain	1NOP_3|Chain
2BGW_1|Chains	2BGW_1|Chains
2BPA_2|Chain	2BPA_2|Chain
2BPA_4|Chain	2BPA_4|Chain
2BPA_3|Chain	2BPA_3|Chain
1XBR_2|Chains	1XBR_2|Chains
1GT0_3|Chain	1GT0_3|Chain
1GT0_4|Chain	1GT0_4|Chain
1PAR_3|Chains	1PAR_3|Chains
1XSN_4|Chain	1XSN_4|Chain
1XSN_4|Chain	1TV9_4|Chain
1XSN_4|Chain	1ZQE_3|Chain
1XSN_4|Chain	1HUZ_3|Chains
1XSN_4|Chain	1TVA_4|Chain
1XSN_4|Chain	1ZQL_3|Chain
1XSN_4|Chain	1ZQD_3|Chain
1XSN_4|Chain	1MQ2_4|Chain
2D7G_1|Chains	2D7G_1|Chains
1J5O_3|Chain	1J5O_3|Chain
1J5O_4|Chain	1J5O_4|Chain
1J5O_5|Chain	1J5O_5|Chain
1J5O_6|Chain	1J5O_6|Chain
1XVN_2|Chain	1XVN_2|Chain
1ZYQ_3|Chain	1ZYQ_3|Chain
1ZYQ_3|Chain	1SL1_3|Chain
1ZYQ_4|Chain	1ZYQ_4|Chain
1ZYQ_4|Chain	1SL1_4|Chain
1N3E_3|Chains	1N3E_3|Chains
1LE9_3|Chains	1LE9_3|Chains
1LE9_3|Chains	1GJI_3|Chains
1LE9_3|Chains	1LE9_4|Chains
1ZLK_3|Chains	1ZLK_3|Chains
1LRR_3|Chains	1LRR_3|Chains
1EYG_2|Chains	1EYG_2|Chains
1ZAY_2|Chain	1ZAY_2|Chain
1ZAY_2|Chain	1QPZ_2|Chain
1IXY_3|Chains	1IXY_3|Chains
1S97_3|Chains	1S97_3|Chains
1S97_3|Chains	2BR0_1|Chain
1K7A_3|Chains	1K7A_3|Chains
2EUZ_3|Chain	2EUZ_3|Chain
2EUZ_3|Chain	2EVF_3|Chain
1BGB_2|Chains	1BGB_2|Chains
1BGB_2|Chains	1EOO_2|Chains
2BAM_2|Chains	2BAM_2|Chains
2BAM_2|Chains	1ESG_3|Chains
1BC7_3|Chain	1BC7_3|Chain
1BC7_3|Chain	1DUX_3|Chains
1A1G_3|Chain	1A1G_3|Chain
1A1G_3|Chain	1AAY_3|Chain
1GLU_2|Chains	1GLU_2|Chains
1RUN_3|Chains	1RUN_3|Chains
1YFJ_2|Chains	1YFJ_2|Chains
1WTQ_2|Chain	1WTQ_2|Chain
1NWQ_3|Chains	1NWQ_3|Chains
1D1U_3|Chain	1D1U_3|Chain
1D1U_3|Chain	1QAJ_2|Chains
1KB2_3|Chains	1KB2_3|Chains
