A0A0N6ZQK2	A0A0N6ZQK2
M2AUW1	M2AUW1
M2AUW1	A0A0E2E4E4
F2KQS6	F2KQS6
F2KQS6	D3S084
A0A0D9ZZ32	A0A0D9ZZ32
L9L027	L9L027
L9L027	G1R8R4
L9L027	F1PRH9
L9L027	U3B7L9
E6VVR1	E6VVR1
A0A126QXG1	A0A126QXG1
P82466	P82466
P82466	P81631
Q9VH48	Q9VH48
Q9VH48	A0A0Q9WH92
Q9VH48	F0JAI1
U4T3B4	U4T3B4
U4T3B4	Q1QEH9
Q9IZR4	Q9IZR4
A0A0M0EG72	A0A0M0EG72
A0A0M0EG72	G2I0P4
A0A0M0EG72	G6XKP5
A0A0M0EG72	A0A0K8MZJ2
Q54KX4	Q54KX4
D4G7X4	D4G7X4
Q9Z0K7	Q9Z0K7
A0A0G2UGI8	A0A0G2UGI8
Q05983	Q05983
A0A0E1ULZ9	A0A0E1ULZ9
D3SNR5	D3SNR5
D3SNR5	W0DGS8
Q3AKE4	Q3AKE4
F0NF08	F0NF08
F0NF08	D2PK47
B4LI59	B4LI59
G1NA08	G1NA08
H8K505	H8K505
Q93NZ7	Q93NZ7
H3BQK9	H3BQK9
H3BQK9	A0A096N0N1
H3BQK9	F7GYW5
D7MK98	D7MK98
F4MQC0	F4MQC0
F4MQC0	E4PU00
W7JTX4	W7JTX4
W7JTX4	A0A0J9SCC0
W7JTX4	A0A0D9QHW1
W7JTX4	W7JM06
A0A0A4BKA1	A0A0A4BKA1
I1V4Z2	I1V4Z2
A0A061AL89	A0A061AL89
A0A149WY94	A0A149WY94
A0A068UBS5	A0A068UBS5
P44281	P44281
J6R9Z1	J6R9Z1
J6R9Z1	J6HAW3
J6R9Z1	J6B7G2
J6R9Z1	S8FTD7
J6R9Z1	A0A098Z9K7
J6R9Z1	A0A0G2UVC6
J6R9Z1	Q1JII9
D4I5L4	D4I5L4
A0A0V1HVF0	A0A0V1HVF0
E0TLA0	E0TLA0
E0TLA0	A0A014KVI1
A0A0J9XN08	A0A0J9XN08
W0UW42	W0UW42
A0A0E9CVT9	A0A0E9CVT9
A0A0E9CVT9	A0A0E9FZS1
A5KHK0	A5KHK0
A5KHK0	A8FN57
A0A143B4P4	A0A143B4P4
A0A0S7AU01	A0A0S7AU01
A0A095CND6	A0A095CND6
A0A0A1ZQR6	A0A0A1ZQR6
Q5L898	Q5L898
Q5L898	A0A0K6BZU2
Q5L898	L1KBN9
Q5L898	V6A9B9
Q5L898	Q02T86
A8XHW9	A8XHW9
A8XHW9	G0PIU2
A0A078IC26	A0A078IC26
A0A0K0LC05	A0A0K0LC05
A0A0E2UK77	A0A0E2UK77
A0A0V5EYM9	A0A0V5EYM9
A0A0V5EYM9	A0A0E1AVB9
W0ITP9	W0ITP9
M6CQB7	M6CQB7
M6CQB7	N1VZK1
A0A078D127	A0A078D127
M5WJN6	M5WJN6
M5WJN6	A0A022PQN4
A0A0V8A4A6	A0A0V8A4A6
A0A0V8A4A6	Q2T8B0
V7BCK8	V7BCK8
A0A099UH55	A0A099UH55
F3KLN0	F3KLN0
A0A0R3RJZ9	A0A0R3RJZ9
H1KY00	H1KY00
H1KY00	I6V1S8
H1KY00	A0A101EN40
H1KY00	W8PP35
W4VBU3	W4VBU3
S8HP01	S8HP01
S8HP01	A0A0H1YTD9
A0A0E3Y7K3	A0A0E3Y7K3
G6FPH6	G6FPH6
G3BCM8	G3BCM8
V7PRI3	V7PRI3
V7PRI3	A0A024W397
Q5R8F8	Q5R8F8
Q5R8F8	A0A0D9RRL0
I0XW78	I0XW78
I0XW78	R8ZTS1
I0XW78	A0A0E2DZ86
Q02XM4	Q02XM4
Q02XM4	Y1QIR7
Q29HV4	Q29HV4
Q29HV4	B4NEU3
B4HKF2	B4HKF2
A0A0A3X408	A0A0A3X408
F7H7Z9	F7H7Z9
F7H7Z9	A0A096NWP7
Q6WY53	Q6WY53
Q6WY53	Q6WYF7
P0CAM5	P0CAM5
A8XT82	A8XT82
A0A067FTX0	A0A067FTX0
B9HP45	B9HP45
A3PDG4	A3PDG4
A3PDG4	A0A0A2AD03
B4CYQ5	B4CYQ5
P62054	P62054
Q57723	Q57723
A0A0M8VQG2	A0A0M8VQG2
Q9UZC0	Q9UZC0
A0A058ZNV8	A0A058ZNV8
R0HM89	R0HM89
R0HM89	V4P9A4
A0A009JUD2	A0A009JUD2
A0A009JUD2	A0A062L282
A0A009JUD2	N0A3V4
M3WI81	M3WI81
M3WI81	A0A0G2JNJ8
M3WI81	G3RXG2
B3NCH1	B3NCH1
L1KA04	L1KA04
F7FFE9	F7FFE9
H2NC08	H2NC08
R0GAZ4	R0GAZ4
F7WZK9	F7WZK9
F7WZK9	Q89AA3
L5KHW5	L5KHW5
L5KHW5	I3LM30
L5KHW5	I3L8P8
A0A0G2Z5L1	A0A0G2Z5L1
A0A0K9JH60	A0A0K9JH60
A0A0P8X860	A0A0P8X860
H0U1W4	H0U1W4
A0A0D2Q2W4	A0A0D2Q2W4
Q17UY9	Q17UY9
I6Y228	I6Y228
K9QYT6	K9QYT6
A0A0E2E6R0	A0A0E2E6R0
A0A0D2W0J1	A0A0D2W0J1
A0A0A7KS56	A0A0A7KS56
A0A0A7KS56	A0A0K2DQZ1
U3C9U8	U3C9U8
A0A015V4Q8	A0A015V4Q8
A0A015V4Q8	A0A149N636
A0A015V4Q8	D1JNR3
Q54BX6	Q54BX6
N0AVI7	N0AVI7
N0AVI7	K6DS40
A0A0F3QRJ2	A0A0F3QRJ2
A9KZF1	A9KZF1
A0A0A1EIG4	A0A0A1EIG4
A0A0A1EIG4	A0A0A1EIA3
F6SVB7	F6SVB7
F6SVB7	A0A0D9RHL9
A0A078CE19	A0A078CE19
U1ZZ45	U1ZZ45
A8Q1F0	A8Q1F0
I1HUD5	I1HUD5
A0A0A8W775	A0A0A8W775
A0A117KRC3	A0A117KRC3
A0A0R8GGL1	A0A0R8GGL1
A0A0A6LDH4	A0A0A6LDH4
R0H4M4	R0H4M4
W6K983	W6K983
Q3I7Y8	Q3I7Y8
Q12587	Q12587
E6RG57	E6RG57
Q73IR3	Q73IR3
Q73IR3	A0A0U1D4E6
A0A0A4CQ51	A0A0A4CQ51
A0A0A4CQ51	A0A0A3BUH8
P25436	P25436
M8L6T3	M8L6T3
B1BME5	B1BME5
A2WXL9	A2WXL9
Q43090	Q43090
A7H597	A7H597
B1RVZ6	B1RVZ6
P9WLU4	P9WLU4
Q29EN3	Q29EN3
K9TH83	K9TH83
D2C7K8	D2C7K8
W7CHR4	W7CHR4
P52536	P52536
A2S4Y8	A2S4Y8
D4PBU6	D4PBU6
D4PBU6	A9X3A7
F7HL08	F7HL08
A0A101HDN1	A0A101HDN1
U9ZLU6	U9ZLU6
B7J1N1	B7J1N1
B2HI24	B2HI24
A0A0Z8FMQ8	A0A0Z8FMQ8
K7VGF5	K7VGF5
K7VGF5	C5YZF1
A0A0A4CE49	A0A0A4CE49
R0J240	R0J240
R0J240	E3REX1
A8XM25	A8XM25
A8XM25	H2X4G3
A0A084W0I5	A0A084W0I5
B4KMZ1	B4KMZ1
G2ZFC0	G2ZFC0
G2ZFC0	W7CVU7
F8AF55	F8AF55
A6UUM1	A6UUM1
T1UI73	T1UI73
A0A0R3NLR1	A0A0R3NLR1
Q7U6X4	Q7U6X4
A0A0R1QTN6	A0A0R1QTN6
E9QMB7	E9QMB7
B9W8Z2	B9W8Z2
A0A0B3WJP2	A0A0B3WJP2
A5HDY5	A5HDY5
A5HDY5	H6UJ59
F8VYC4	F8VYC4
A5G7R6	A5G7R6
G3RXB0	G3RXB0
B7ZMZ6	B7ZMZ6
B7ZMZ6	R0L2G6
B7ZMZ6	Q4R4F5
B7ZMZ6	A0A091TYR1
A0A0F4ETV5	A0A0F4ETV5
A0A0D0T8N4	A0A0D0T8N4
A0ZSE6	A0ZSE6
Q6MC72	Q6MC72
A0A0D9SAL2	A0A0D9SAL2
A0A0T9LW29	A0A0T9LW29
A0A0T9LW29	A0A154T7C4
O83166	O83166
A0A0F3MTP9	A0A0F3MTP9
A0A0H4T9C9	A0A0H4T9C9
A0A0H4T9C9	B5JJX0
G7Z8I3	G7Z8I3
A0A078CZC9	A0A078CZC9
A0A0F7CWF7	A0A0F7CWF7
B2HIH8	B2HIH8
A0A0A6LKV3	A0A0A6LKV3
C2U9D8	C2U9D8
C2U9D8	A0A0U0FB36
C2U9D8	A0A0B5NR18
C2U9D8	I0F9M8
C2U9D8	A0A0V8CW44
C2U9D8	S9AT05
G3G925	G3G925
G3G925	G3G936
P9WL53	P9WL53
C0HJB0	C0HJB0
P86562	P86562
P86562	P86580
H0WMH1	H0WMH1
H0WMH1	C9K5T1
C5EPE3	C5EPE3
A0A0A2BKM4	A0A0A2BKM4
B4JDP8	B4JDP8
B4JDP8	B4P2E7
J4Q0R2	J4Q0R2
J4Q0R2	A0A142KQ73
J4Q0R2	T0TTU3
M2AAL0	M2AAL0
A0A0G2JUN4	A0A0G2JUN4
W8FLL2	W8FLL2
B6IDC0	B6IDC0
A0A0A6LB26	A0A0A6LB26
G7NIW9	G7NIW9
G7NIW9	H3DQM5
K7FJD7	K7FJD7
A0A059HZ49	A0A059HZ49
A0A059HZ49	A1W1K9
A0A0H4PP28	A0A0H4PP28
B4S8Z9	B4S8Z9
I3L5Q2	I3L5Q2
I3L5Q2	U6DVQ4
Q00701	Q00701
F1NEP2	F1NEP2
F1NEP2	Q810F9
G7J4H0	G7J4H0
W7JKJ5	W7JKJ5
W7JKJ5	E5RU00
A0A024R841	A0A024R841
F4YXJ1	F4YXJ1
F4YXJ1	B4K7U1
W5QI74	W5QI74
D3E160	D3E160
H9JY78	H9JY78
K7Z353	K7Z353
K7Z353	Q95191
A0A063ZHF7	A0A063ZHF7
C3MZL4	C3MZL4
C3MZL4	A0A0U2VDF4
C3MZL4	G0EEZ5
Q9PPT7	Q9PPT7
G1R9W2	G1R9W2
Q5TIQ4	Q5TIQ4
G4FG71	G4FG71
G4FG71	B7IDB4
A5U2L6	A5U2L6
A5U2L6	A0A0T9EPE6
R0GZX1	R0GZX1
U3V7Y8	U3V7Y8
B8HKK2	B8HKK2
A0A0H5SCE5	A0A0H5SCE5
A0A0H5SCE5	A8Y253
G1PNY6	G1PNY6
A0A0Q9W344	A0A0Q9W344
A0A0Q9W344	B5DZN7
A0A0Q9W344	B3NP10
A0A0E0F9Q1	A0A0E0F9Q1
A9JX06	A9JX06
I0DHI0	I0DHI0
E5FNY0	E5FNY0
A0A0M7MA98	A0A0M7MA98
A0A0M7MA98	K0MD92
Q8QYP6	Q8QYP6
A0A143CRP2	A0A143CRP2
A0A061EJ37	A0A061EJ37
A0A158LFK7	A0A158LFK7
A0A0P7Y099	A0A0P7Y099
G1V295	G1V295
B3EP45	B3EP45
A7WKF4	A7WKF4
O32047	O32047
O32047	U1ZAK0
E3LUP7	E3LUP7
E3LUP7	A0A0R3P9I1
A0A0X6ZYK4	A0A0X6ZYK4
A0A097J730	A0A097J730
A0A127PBD1	A0A127PBD1
A0A127PBD1	A0A0P7DJX5
A0A127PBD1	F4GVR3
A0A127PBD1	A0A142JKC3
A0A142LAU7	A0A142LAU7
A0A142LAU7	A0A059FFM3
H6Q592	H6Q592
Q2VIP5	Q2VIP5
M5DBK7	M5DBK7
A4HWE9	A4HWE9
B7J0F0	B7J0F0
Q462Q8	Q462Q8
Q462Q8	V9SEL5
G1M4Y3	G1M4Y3
G1M4Y3	Q8VCR8
G1M4Y3	F6SXZ6
D0A7K2	D0A7K2
A0A0E0IP68	A0A0E0IP68
A0A0E0IP68	M5WXW5
A0A0E0IP68	V4LLL8
A0A0D3CRV0	A0A0D3CRV0
G0TL61	G0TL61
R0FEW7	R0FEW7
R0FEW7	A0A078FT11
Q9QS60	Q9QS60
E8X048	E8X048
P58296	P58296
F2DSY0	F2DSY0
A0A0E0CAE4	A0A0E0CAE4
W5QKL1	W5QKL1
A0A096MPI6	A0A096MPI6
W9SBQ9	W9SBQ9
W9SBQ9	A0A140B476
Q5DF86	Q5DF86
A0A0E9G2P9	A0A0E9G2P9
A0A126LAW7	A0A126LAW7
M7RG18	M7RG18
I9S574	I9S574
Q9Z706	Q9Z706
Q9Z706	T5JXB9
Q2VHM8	Q2VHM8
C3MZJ6	C3MZJ6
V9S692	V9S692
A3PBY5	A3PBY5
A0A0A0AM51	A0A0A0AM51
A8ZXM2	A8ZXM2
B4IFE8	B4IFE8
P60252	P60252
P60252	P60254
A0A075DAA2	A0A075DAA2
S4XGX5	S4XGX5
U3UEL9	U3UEL9
F8DA98	F8DA98
P51416	P51416
A0A0A1ZSL2	A0A0A1ZSL2
A0A0A1ZSL2	Q9X7I5
A0A0F3RFR3	A0A0F3RFR3
U4KJL8	U4KJL8
V4XMM2	V4XMM2
A0A063XIU0	A0A063XIU0
E3T3B2	E3T3B2
B3G285	B3G285
T1SGT1	T1SGT1
E5UNW4	E5UNW4
M7B676	M7B676
M7B676	F6PJW2
A0A0P1MEB8	A0A0P1MEB8
A0A0P1MEB8	K5YVK9
Q8TDQ1	Q8TDQ1
Q8TDQ1	K7GL98
Q8TDQ1	F7DE50
L8IAN9	L8IAN9
L8IAN9	A0A0D9R0X0
L8IAN9	F6VPT4
B6DD53	B6DD53
A0A0B4W9V4	A0A0B4W9V4
P85649	P85649
Q487R3	Q487R3
B2V8W9	B2V8W9
L0HR95	L0HR95
Q5ZWN7	Q5ZWN7
B3GEK9	B3GEK9
Q8IG04	Q8IG04
C8BLL8	C8BLL8
A0A024UX52	A0A024UX52
A0A0M4FQB3	A0A0M4FQB3
A0A0F3PMA7	A0A0F3PMA7
A0A0F3PMA7	Q7PAQ8
B8D6U4	B8D6U4
A0A103YKD0	A0A103YKD0
A0A078E0G6	A0A078E0G6
I3MT35	I3MT35
P35760	P35760
A0A0Q9WS55	A0A0Q9WS55
A0A0Q9WS55	A0A0R3NKM1
A0A078HJM8	A0A078HJM8
E0F120	E0F120
E0F120	I8UAG7
A0A109SUG5	A0A109SUG5
A0A109SUG5	A0A0U0UK76
P9WGY6	P9WGY6
P9WGY6	A0A0Q9SEJ8
P9WGY6	A0A0U0DDZ4
P9WGY6	A7FZ76
P9WGY6	G5JDA8
F7HKA1	F7HKA1
W4HZ20	W4HZ20
H8IAX6	H8IAX6
P36799	P36799
P36799	E7BQ64
A8X4B6	A8X4B6
A0A0C1QH05	A0A0C1QH05
A0A073JF93	A0A073JF93
Q6PQ76	Q6PQ76
G1QR45	G1QR45
G1QR45	A0A091ENR7
G1QR45	D2HD94
G2LNY8	G2LNY8
A0A075I1A4	A0A075I1A4
A0A075I1A4	A0A075HPI4
S7J251	S7J251
P47539	P47539
H2N6T1	H2N6T1
H2N6T1	H0XZQ2
H2N6T1	H0VA28
Q9ILY0	Q9ILY0
A0A0D9R7Q7	A0A0D9R7Q7
R0EUP3	R0EUP3
Q1IAN8	Q1IAN8
Q2RM68	Q2RM68
W1QG68	W1QG68
A0A0D3CPT6	A0A0D3CPT6
A0A0N5B0B0	A0A0N5B0B0
D7KBQ0	D7KBQ0
G0TSE0	G0TSE0
Q9XJP3	Q9XJP3
B9TXV9	B9TXV9
B2S3Y0	B2S3Y0
A0A0A4DBI6	A0A0A4DBI6
A0A061QFW1	A0A061QFW1
A0A0E3LRY1	A0A0E3LRY1
A0A0E3LRY1	A0A0E3P2S3
Q7T3K6	Q7T3K6
Q7T3K6	O93452
I0AYT4	I0AYT4
Q4RXK4	Q4RXK4
B3GUU6	B3GUU6
B3GUU6	Q95WA2
D7LIL6	D7LIL6
E1QFC5	E1QFC5
A0A0T1SHH3	A0A0T1SHH3
A0A0T1SHH3	G2GJW2
I9KFE0	I9KFE0
K4P7N8	K4P7N8
A0A0A6MNY4	A0A0A6MNY4
A0A0A6MNY4	A0A0A4D920
A8XV39	A8XV39
R9H1I0	R9H1I0
M9U8J4	M9U8J4
A0A0U1CXC5	A0A0U1CXC5
A0A0U1CXC5	Q479E6
A0A0P7WVM9	A0A0P7WVM9
G1JYU0	G1JYU0
A0A0B2VEU6	A0A0B2VEU6
A0A0B2VEU6	P34308
W5P7K1	W5P7K1
A0A097ERE9	A0A097ERE9
F7YTS1	F7YTS1
A0A097J5A3	A0A097J5A3
A0A097J5A3	A0A097J960
A0A0H6EDV0	A0A0H6EDV0
A0A151TVX5	A0A151TVX5
A0A151TVX5	O22042
H2QLB7	H2QLB7
H2QLB7	F7I5B7
Q5MYT7	Q5MYT7
B9SN66	B9SN66
A9Y611	A9Y611
H9FQ35	H9FQ35
A0A0D8XRV3	A0A0D8XRV3
A0A0A2X9L1	A0A0A2X9L1
G7PZ09	G7PZ09
E5FP47	E5FP47
A0A0J8QWM4	A0A0J8QWM4
A0A0A7D9J7	A0A0A7D9J7
V9S4S7	V9S4S7
V9S4S7	A0A0E3MA51
V9S4S7	A0A088E258
Q978Z6	Q978Z6
A0A087HFA8	A0A087HFA8
E6R4N7	E6R4N7
A0A096P0V6	A0A096P0V6
A0A096P0V6	K7CV47
P04019	P04019
A0A011AB45	A0A011AB45
K0M7B2	K0M7B2
A7WPD0	A7WPD0
D3BJM9	D3BJM9
A0A117MRA8	A0A117MRA8
A0A078BZD9	A0A078BZD9
Q77GF6	Q77GF6
Q77GF6	A0A075CHP6
P01386	P01386
P01386	P01389
K3XJ72	K3XJ72
H8K6I3	H8K6I3
B6HIB6	B6HIB6
C4Y9I0	C4Y9I0
Q06J35	Q06J35
A0A078EU90	A0A078EU90
F4VEH1	F4VEH1
F4VEH1	E7SY80
F4VEH1	Q9AZ37
F4VEH1	A0A0L5XFT7
Q8P4S7	Q8P4S7
U1KM27	U1KM27
U1KM27	A0A0F9RVQ1
A0A097J8T8	A0A097J8T8
C1JGU9	C1JGU9
C1JGU9	D2IGT6
A0A108T7U0	A0A108T7U0
P10358	P10358
A0A0D6LNI4	A0A0D6LNI4
Q2A406	Q2A406
A0A0Q0NJP8	A0A0Q0NJP8
H0XKX2	H0XKX2
A0A0N1CG70	A0A0N1CG70
A0A0N1CG70	M4Z885
F2TG91	F2TG91
F2TG91	T5C410
A0A139QX39	A0A139QX39
A0A139QX39	C6KI21
K0UM03	K0UM03
Q71U11	Q71U11
Q84I52	Q84I52
U5NM32	U5NM32
U5NM32	U5NPN1
C3MWQ0	C3MWQ0
C6E7U2	C6E7U2
E9NHI4	E9NHI4
E9NHI4	Q28915
B4XT07	B4XT07
P36193	P36193
A0A0F3RLB9	A0A0F3RLB9
A0A0A7X4R8	A0A0A7X4R8
Q5FGB6	Q5FGB6
C7PLM6	C7PLM6
Q9FIN7	Q9FIN7
I7LKB6	I7LKB6
I7LKB6	A3CU51
Q99Z83	Q99Z83
Q6LXU2	Q6LXU2
L2XTE9	L2XTE9
L2XTE9	S5HS47
L2XTE9	G9W2R0
L2XTE9	S4IJL6
L2XTE9	X5EQ65
L2XTE9	E3D233
W5C719	W5C719
A0A0K6GBU5	A0A0K6GBU5
B4JIW3	B4JIW3
A0A0D5A312	A0A0D5A312
A0A0D5A312	A0A081GMB5
F4PXT2	F4PXT2
Q0NM01	Q0NM01
Q0NM01	P68448
Q57683	Q57683
A9JLQ6	A9JLQ6
A9JLQ6	P0C9X9
Q6GZN1	Q6GZN1
Q6GZN1	H6WEF6
A0A0H3M7U0	A0A0H3M7U0
A0A0E3LV66	A0A0E3LV66
A0A0E3LV66	A0A0E3S2F6
A0A0E3LV66	A0A0E3L9Q4
A0A139C4Z2	A0A139C4Z2
G1SRI6	G1SRI6
G1SRI6	F7B4P4
C5WN80	C5WN80
Q8TWJ4	Q8TWJ4
T0LWB2	T0LWB2
F2D5B7	F2D5B7
F7IPR9	F7IPR9
F7IPR9	A0A096NWF9
F7IPR9	L8IRZ1
M4EI22	M4EI22
B3A0F6	B3A0F6
A0A0D6LQD5	A0A0D6LQD5
B4IL68	B4IL68
R9UWI4	R9UWI4
A0A0H3DMV3	A0A0H3DMV3
P30257	P30257
C0QHL5	C0QHL5
T5K7B9	T5K7B9
A0A0A3DA11	A0A0A3DA11
B3E694	B3E694
A0A0K9TSU2	A0A0K9TSU2
Q54UN2	Q54UN2
W8W2U9	W8W2U9
Q7X0E5	Q7X0E5
A0A101JBL9	A0A101JBL9
A0A0D3AM21	A0A0D3AM21
C3PP41	C3PP41
C3PP41	A0A126EA55
W9SX54	W9SX54
D7MTY4	D7MTY4
G0ZLB7	G0ZLB7
R7CJD2	R7CJD2
A0A069EYX1	A0A069EYX1
Q5UPT2	Q5UPT2
A0A0E1ET15	A0A0E1ET15
M0RIM9	M0RIM9
P01407	P01407
A0A0H3JK65	A0A0H3JK65
A0A0H3JK65	A0A0E0VM40
A0A0R0CX29	A0A0R0CX29
M4F4D1	M4F4D1
P0C827	P0C827
A0A0D6HP15	A0A0D6HP15
A0A0D6HP15	A0A0M0QPY2
A0A127Q2N6	A0A127Q2N6
A0A127Q2N6	A6SZ09
B7SCG3	B7SCG3
A0A0G2ZL23	A0A0G2ZL23
A0A0D9S693	A0A0D9S693
K0C5V9	K0C5V9
K0C5V9	H9BG09
K0C5V9	Q79C36
N4TT69	N4TT69
A0A101WZP9	A0A101WZP9
A0A101WZP9	A0A124ITI2
P84018	P84018
A0A0K0DHI2	A0A0K0DHI2
A0A0A6ME71	A0A0A6ME71
A0A0U0QI49	A0A0U0QI49
A0A140AK80	A0A140AK80
A0A0L0BRR7	A0A0L0BRR7
A0A0D3E1G5	A0A0D3E1G5
A0A150TYN1	A0A150TYN1
I1HG70	I1HG70
A0A0A6IYX8	A0A0A6IYX8
A0A0E3Y735	A0A0E3Y735
A0A0D3DB22	A0A0D3DB22
P88953	P88953
H9UDE6	H9UDE6
H9UDE6	K2Q7U4
D5UAX3	D5UAX3
A0A0H3AVK5	A0A0H3AVK5
A0A0H3AVK5	Q4UKL7
A0A0H3AVK5	A0A067AET1
A0A0F7H367	A0A0F7H367
A0A0F7H367	A0A0P0IVW3
A0A0F7H367	Q0Z8D0
A0A0F7H367	C9E874
B2BWH8	B2BWH8
A0A0S2C9M3	A0A0S2C9M3
A0A0S2C9M3	Q4ULJ9
A0A0S2C9M3	A8GNM0
A0A094NGX5	A0A094NGX5
G0PE21	G0PE21
G0PE21	A0A0N4ZNR9
Q9SB31	Q9SB31
Q1JKW4	Q1JKW4
K9P4N5	K9P4N5
A0A0C1WVJ2	A0A0C1WVJ2
A0A0C1WVJ2	A0A0Q5VAK7
A0A0C1WVJ2	A0A0Q7SAI4
A0A0M1UP59	A0A0M1UP59
A0A0M1UP59	A0A0G9K7L8
F0NPQ3	F0NPQ3
W0GQC4	W0GQC4
W0GQC4	W6AAD3
H0XVY3	H0XVY3
B4J4T7	B4J4T7
B4J4T7	W5CDN8
B4J4T7	A0A022WEN6
B4J4T7	W7AMT5
B4J4T7	A0A024X962
B4J4T7	Q4R4X8
B4J4T7	M7YRX9
B4J4T7	G1U410
X7T7S0	X7T7S0
M4D4X7	M4D4X7
A0A096MPX2	A0A096MPX2
A0A0D9RB43	A0A0D9RB43
A0A0D9RB43	G3VDU1
A0A0E8JWI2	A0A0E8JWI2
A0A0E8JWI2	A0A0E1AJL1
Q9ER40	Q9ER40
K5ZZJ9	K5ZZJ9
C7LJR9	C7LJR9
F2D062	F2D062
A0A0H3R191	A0A0H3R191
A0A0H3R191	A0A0V2QVM8
A5U1U0	A5U1U0
A5U1U0	F8M639
D7KTR7	D7KTR7
C7LRH8	C7LRH8
M0ZIX0	M0ZIX0
A0A127FE06	A0A127FE06
A0A127FE06	C1F8R9
H1L075	H1L075
L5LB36	L5LB36
A0A0K1D8X1	A0A0K1D8X1
L5K6M4	L5K6M4
M9PHV2	M9PHV2
A0A0E3RPJ2	A0A0E3RPJ2
E1GNI7	E1GNI7
B3HFE1	B3HFE1
B3HFE1	Q0H8D2
A0A0A0VDA4	A0A0A0VDA4
A0A0A0VDA4	T2C5I2
V0XHB3	V0XHB3
V0XHB3	Q1R2X0
A0A0S3SSS6	A0A0S3SSS6
A0A0S3SSS6	A0A151RMZ7
Q556M5	Q556M5
L7UF41	L7UF41
W5MSW1	W5MSW1
A0A0T7AQ89	A0A0T7AQ89
A0A015PE15	A0A015PE15
Q47J35	Q47J35
A5GNX9	A5GNX9
A5GNX9	A0A076HAZ0
G3I3Z6	G3I3Z6
A0A0V8M0A5	A0A0V8M0A5
O56043	O56043
A0A078HKA2	A0A078HKA2
A0A0C5B2R9	A0A0C5B2R9
M5X0Q1	M5X0Q1
M5X0Q1	I1MLI4
A0A0N0Z7Z3	A0A0N0Z7Z3
E1KW86	E1KW86
A0A146R1E8	A0A146R1E8
B3A0I1	B3A0I1
A0A0P5VWB4	A0A0P5VWB4
A0A0P5VWB4	X6C6B3
T1KLB0	T1KLB0
W6AA20	W6AA20
W6AA20	A0A0L1III9
A0A0P0VH16	A0A0P0VH16
A0A133MU25	A0A133MU25
A0A133MU25	A0A0M1KZV5
T0LQG4	T0LQG4
T0LQG4	S0AQW1
F2YMQ2	F2YMQ2
G2DJP5	G2DJP5
W7AQC0	W7AQC0
A0A078ENW4	A0A078ENW4
A0A068E5V8	A0A068E5V8
G2H439	G2H439
A0A096NA38	A0A096NA38
A0A093CH18	A0A093CH18
Q76RH4	Q76RH4
Q76RH4	A0A0N9S556
A0DSB3	A0DSB3
A0A0H3FQ48	A0A0H3FQ48
A0A0H3FQ48	W1HMP0
A0A0H3FQ48	A0A087FTV9
A0A0H3FQ48	W1HHT2
T1UHG6	T1UHG6
A2AWF9	A2AWF9
A0A0A4APA4	A0A0A4APA4
B9HC50	B9HC50
A0A0F2P993	A0A0F2P993
G3S8L5	G3S8L5
F1QVZ5	F1QVZ5
I6LA84	I6LA84
I6LA84	A0A0C5AWA4
A8X863	A8X863
H0YXL1	H0YXL1
A0A0I4P5B9	A0A0I4P5B9
Q9IZT6	Q9IZT6
B7ZK44	B7ZK44
B5ZBM7	B5ZBM7
B9ZXN3	B9ZXN3
A0A109Q460	A0A109Q460
A0A109Q460	A0A109PRL0
A0A109Q460	Q02U62
A0A109Q460	A0A0R3C204
A0A109Q460	B0RMB4
A0A0T9BCZ7	A0A0T9BCZ7
Q9BM95	Q9BM95
Q9BM95	C0MHU3
D3EQX3	D3EQX3
Q7XXL2	Q7XXL2
Q7XXL2	Q01KV7
P9WJ40	P9WJ40
P9WJ40	A0A109STA8
A0A0C2NGK7	A0A0C2NGK7
A0A0C2NGK7	A6VP44
A0A0C2NGK7	U3BGP5
P23476	P23476
A0A022QWW7	A0A022QWW7
D3S761	D3S761
A0A076LG88	A0A076LG88
T1Y8C6	T1Y8C6
T1Y8C6	W1VUP8
T1Y8C6	T5HJN2
M5BF31	M5BF31
M5BF31	M5BEK5
M5BF31	M4E3A1
M9UDE5	M9UDE5
M4KRC5	M4KRC5
A8XGZ9	A8XGZ9
A0A0A4CD04	A0A0A4CD04
B9R7U0	B9R7U0
B9R7U0	M4EAC9
B9R7U0	A0A0R0GAF9
B9R7U0	A0A0R0FSB1
B1X4C4	B1X4C4
Q6B8L5	Q6B8L5
A0A0S2CBV3	A0A0S2CBV3
A0A0S2CBV3	A0A0F3N087
B7SCI5	B7SCI5
E1KYM7	E1KYM7
A0A0K6LI06	A0A0K6LI06
A0A0K6LI06	A0A0K6KCU4
A0A0A4BTK4	A0A0A4BTK4
M8DA09	M8DA09
Q188Z4	Q188Z4
H2LA06	H2LA06
L0CPN8	L0CPN8
A0A022XVI1	A0A022XVI1
A0A022XVI1	A0A023AGW8
Q8TVA3	Q8TVA3
I1NIC1	I1NIC1
I1NIC1	A0A0R0EFG4
A0A0E1BVH3	A0A0E1BVH3
A0A143WMX1	A0A143WMX1
V9SBI3	V9SBI3
Q86VF2	Q86VF2
Q86VF2	F7FUF4
A0A078DWN2	A0A078DWN2
E9AN00	E9AN00
A0A0N5BYZ7	A0A0N5BYZ7
A0A0N5BYZ7	A0A0M3IA90
A0A0N8WAF7	A0A0N8WAF7
M4EEG5	M4EEG5
M4EEG5	V4LCY0
M4EEG5	V4MM46
A0A0D3A1R6	A0A0D3A1R6
P0CAH7	P0CAH7
P0CAH7	A0A0A1DY56
F0HJF8	F0HJF8
Q990N3	Q990N3
F4WCE3	F4WCE3
A0A0B5JEZ8	A0A0B5JEZ8
A0A0A4B3G9	A0A0A4B3G9
A0A0A4B3G9	A0A0A3CLS9
A0A0E0HVS3	A0A0E0HVS3
Q8KQD4	Q8KQD4
Q8KQD4	O84171
A0A0Q8RME0	A0A0Q8RME0
A0A0Q8RME0	N9PMC7
Q9LBR4	Q9LBR4
K1PFI2	K1PFI2
K1PFI2	A0A0P0EH81
K1PFI2	A0A0R1P5D4
K1PFI2	A0A061BLQ1
A0A0C5AWF0	A0A0C5AWF0
A0A0C5AWF0	D4I5E5
A0A0C5AWF0	P0C9B3
P09220	P09220
P09220	A0A142D4C9
Q2TAN5	Q2TAN5
Q820X3	Q820X3
C3N5V0	C3N5V0
B6V4K5	B6V4K5
A0A0D6M2I2	A0A0D6M2I2
A0A0D6M2I2	A0A0N4U8U0
Q3LZV7	Q3LZV7
A0A0F3QWT3	A0A0F3QWT3
O66974	O66974
C0ANJ3	C0ANJ3
Q5ACI8	Q5ACI8
Q5ACI8	A0A0A6KQD3
Q5ACI8	A0A0A6KCI3
U5PCZ1	U5PCZ1
A0A0K0JG90	A0A0K0JG90
A0A099BE68	A0A099BE68
R6ZZ68	R6ZZ68
R6ZZ68	F7KP59
C9ZL57	C9ZL57
A0A0A3DJD5	A0A0A3DJD5
A0A0M4MXW9	A0A0M4MXW9
A0A0M4MXW9	M5ZUB2
A0A0D3EF30	A0A0D3EF30
U2GEC3	U2GEC3
U2GEC3	A0A0W8LA84
A0A0B6Y4P9	A0A0B6Y4P9
K8HC65	K8HC65
A0A059J9R7	A0A059J9R7
A0A059J9R7	C5PH94
A0A0A2BN02	A0A0A2BN02
B4WGJ6	B4WGJ6
B4WGJ6	L8LKT3
B4WGJ6	A5HIW7
R0HD31	R0HD31
R0HD31	A0A078DAV4
A9DM41	A9DM41
K7IN78	K7IN78
F1KW48	F1KW48
F1KW48	E3M509
P28212	P28212
P45051	P45051
P45051	A0A0D1L8G4
C1FNT9	C1FNT9
K7K854	K7K854
L8HDU4	L8HDU4
B2S2U7	B2S2U7
B2S2U7	P74935
A0A0M9FC10	A0A0M9FC10
A0A0M9FC10	A0A0J1JLJ6
A0A0M9FC10	Q8EI17
A0A0M9FC10	Q0HLZ4
A0A078GV48	A0A078GV48
D7LYJ1	D7LYJ1
Q38WJ4	Q38WJ4
D3T8Q8	D3T8Q8
A0A075CJ51	A0A075CJ51
W7DSV4	W7DSV4
A9BH65	A9BH65
B9AE53	B9AE53
I1HY81	I1HY81
M3YNX1	M3YNX1
A0A0E0A5Z8	A0A0E0A5Z8
H2J641	H2J641
A0A078E3J6	A0A078E3J6
G0A7H1	G0A7H1
K4Q5M2	K4Q5M2
K4Q5M2	A0A0F7VH74
Q897L5	Q897L5
P69538	P69538
Q3B612	Q3B612
Q68WD4	Q68WD4
Q68WD4	A0A0F3RAV1
C5A7F5	C5A7F5
P0C7J5	P0C7J5
D0PBY5	D0PBY5
G3ALL0	G3ALL0
G3VJ71	G3VJ71
A0A022RU64	A0A022RU64
A0A0D3C8A3	A0A0D3C8A3
A0A101G8M7	A0A101G8M7
H2NQM2	H2NQM2
H2NQM2	G3I4J7
G4NPM1	G4NPM1
V4K4H8	V4K4H8
V4K4H8	A0A0D3CM28
V4K4H8	M4ELH2
Q6PHA8	Q6PHA8
C7ZIL4	C7ZIL4
C7ZIL4	M2LHS5
C7ZIL4	A0A059JFS4
G1QGK5	G1QGK5
M5K0N3	M5K0N3
U3J8S2	U3J8S2
A0A0C7N2Y2	A0A0C7N2Y2
R6NBE5	R6NBE5
A0A0N4ZVJ1	A0A0N4ZVJ1
Q5AP53	Q5AP53
A8ZXX2	A8ZXX2
M1ZUN9	M1ZUN9
A0A0F3RB95	A0A0F3RB95
A0A0U3E121	A0A0U3E121
A0A0N7GEW0	A0A0N7GEW0
P33041	P33041
P33041	Q49PP4
A0A0M3QX04	A0A0M3QX04
A0A0F2NBB1	A0A0F2NBB1
A0A0R1DL60	A0A0R1DL60
A0A0R1DL60	H1ZYI2
A0A0R1DL60	M9PCQ8
Q94AR8	Q94AR8
Q94AR8	V4MIA9
Q87D16	Q87D16
Q5ZB68	Q5ZB68
Q06EM4	Q06EM4
R0GCG7	R0GCG7
R0GCG7	R0GUS8
A0A0U1MFF7	A0A0U1MFF7
A3YVI1	A3YVI1
A3YVI1	A0A076HA94
W5APL7	W5APL7
D7LHU0	D7LHU0
D7LHU0	A0A087H2R6
A0A0A6KTH9	A0A0A6KTH9
M4CX00	M4CX00
A0A0A0WZW2	A0A0A0WZW2
A0A0A0WZW2	B5RR91
L7UIV5	L7UIV5
A0A149UG50	A0A149UG50
A0A149UG50	A0A0K8N5G2
D6QS61	D6QS61
A0A0B0PIP1	A0A0B0PIP1
A0A0B0PIP1	A0A0D2PKV6
A0A0B0PIP1	V4NU59
A0A0B0PIP1	A0A0D3A2G3
K9RY96	K9RY96
K9RY96	Q6UIN6
K9RY96	X1WE77
Q5A301	Q5A301
A0A078EIW6	A0A078EIW6
A0A0F7GG34	A0A0F7GG34
A0A0L9VCF8	A0A0L9VCF8
B3CU35	B3CU35
F8KZ73	F8KZ73
R5QYR6	R5QYR6
R5QYR6	M2P7V0
P36984	P36984
D7M1H7	D7M1H7
A0A0W8F0C2	A0A0W8F0C2
A8GMD7	A8GMD7
A8GMD7	A0A0S2CB32
A8GMD7	A0A126E8X7
Q01433	Q01433
H2CBY2	H2CBY2
A0A0C7DAS8	A0A0C7DAS8
A0A0C7DAS8	A0A0F3NPW7
J2YAP8	J2YAP8
J2YAP8	V5L2Z1
A0A0A6M5R1	A0A0A6M5R1
A0A0A6M5R1	G8BGM7
I3M2X3	I3M2X3
I3M2X3	P97846
I3M2X3	G7NIM4
I3M2X3	F7HIS4
G7P0D9	G7P0D9
M6ZIB6	M6ZIB6
F7FEZ5	F7FEZ5
A5IMM8	A5IMM8
A0A0A2BBN5	A0A0A2BBN5
A0A078FV53	A0A078FV53
F8X2S5	F8X2S5
F8X2S5	A0A015SEP4
F8X2S5	A0A0N1HXD8
F8X2S5	A0A0P7ZF40
P20430	P20430
P20430	Q6XQI4
I2AYB4	I2AYB4
A0A0M3QVA7	A0A0M3QVA7
A0A0A3EP87	A0A0A3EP87
A0A0A3EP87	B9W8M8
A0A0A3EP87	A0A0A6MDT7
A0A0E9CP16	A0A0E9CP16
A0A0E9CP16	S7ILR3
A0A0E0KNC8	A0A0E0KNC8
A0A0H4B927	A0A0H4B927
P07051	P07051
A7BJY2	A7BJY2
H8ILG6	H8ILG6
A0A0D2TNR9	A0A0D2TNR9
A0A0Q4CKS5	A0A0Q4CKS5
A0A109QXA5	A0A109QXA5
I1H1Q4	I1H1Q4
A0A103XX48	A0A103XX48
Q317C3	Q317C3
A0A120K025	A0A120K025
A0A120K025	A5UN79
E3NPQ5	E3NPQ5
A4D1D0	A4D1D0
B2S3D9	B2S3D9
B3A0D2	B3A0D2
S5QY32	S5QY32
S5QY32	X8IWA8
A0A0N4W0Y4	A0A0N4W0Y4
D7TTI3	D7TTI3
D7TTI3	A0A0B0NWA6
Q9D5S1	Q9D5S1
J9NZV6	J9NZV6
J9NZV6	G3MWW2
J9NZV6	H2NAR0
J9NZV6	Q3URK3
Q8KAY6	Q8KAY6
A0A0Q9W6I4	A0A0Q9W6I4
A0A0Q9W6I4	A0A146LRC9
A0A0Q9W6I4	B4I6N9
A0A0Q9W6I4	Q3B706
A0A0Q9W6I4	Q6T2X4
A0A0Q9W6I4	E3M303
Q59785	Q59785
B1PHK1	B1PHK1
B1PHK1	U6BPB2
D9TLX6	D9TLX6
A0A0N7I6Q9	A0A0N7I6Q9
K2D2F2	K2D2F2
Q6SX85	Q6SX85
Q6SX85	P16776
A0A0F3MMG9	A0A0F3MMG9
A0A0F3MMG9	A0A0F3MM07
Q9Z6M0	Q9Z6M0
A0A077UJF5	A0A077UJF5
Q9WJ35	Q9WJ35
Q5J3K9	Q5J3K9
Q493T6	Q493T6
H9FLS6	H9FLS6
G0NPW8	G0NPW8
P0CO84	P0CO84
P0CO84	A0A0D0XWF9
P0CO84	A0A0D2KQT8
Q66HF9	Q66HF9
Q5HC82	Q5HC82
Q5HC82	A0A153K3D7
P0CA17	P0CA17
H2E7U0	H2E7U0
A9LZH6	A9LZH6
A9LZH6	A0A154TQ04
I0FBH0	I0FBH0
D7LZJ4	D7LZJ4
R4MBQ7	R4MBQ7
R4MBQ7	A5U6L7
R4MBQ7	F8M489
B6SJP7	B6SJP7
Q9WRN5	Q9WRN5
A0A0E0USW6	A0A0E0USW6
A0A0E0JP69	A0A0E0JP69
A0A0V1BKS3	A0A0V1BKS3
G7VDK2	G7VDK2
B2D886	B2D886
B2D886	Q8CXQ6
Q6WY06	Q6WY06
A0A101SKA6	A0A101SKA6
A0A0D4M1F0	A0A0D4M1F0
M4ADU6	M4ADU6
A0A089P8N2	A0A089P8N2
A0A089P8N2	Q46H45
Q9SIW1	Q9SIW1
A0A078C1P3	A0A078C1P3
A0A078C1P3	Q5BPS3
V4T8W4	V4T8W4
V4T8W4	L7UXZ2
A0A0D3D6D9	A0A0D3D6D9
A0A083X409	A0A083X409
A0A083X409	B3DTA1
H2W039	H2W039
H2W039	A0A0N4V9F8
H2W039	A0A044QKW9
Q9GZC8	Q9GZC8
A9BCM2	A9BCM2
Q3KJ31	Q3KJ31
K3XFZ6	K3XFZ6
F7XS15	F7XS15
F7XS15	V5WI38
J3S9R7	J3S9R7
C8PTH2	C8PTH2
C8PTH2	S3L890
A0A086Q8H3	A0A086Q8H3
A0A086Q8H3	S8F2H3
K6FL30	K6FL30
A0A0W0Z3Y5	A0A0W0Z3Y5
Q9KT08	Q9KT08
Q9KT08	A0A0D0IL74
Q9KT08	D7H7U5
Q9KT08	Q4QL96
A0A0H3LF80	A0A0H3LF80
A0A0H3LF80	A0A0K6KLD1
P56687	P56687
P56687	P83485
P56687	P81700
A2BL93	A2BL93
A2BL93	A0A0U3H2L1
Q910I2	Q910I2
X5HYQ5	X5HYQ5
X5HYQ5	A0A0R3QIL7
C0JPK2	C0JPK2
A8C671	A8C671
M0TVG0	M0TVG0
Q3T4X9	Q3T4X9
Q491X0	Q491X0
Q491X0	Q058B8
A0A095CCG7	A0A095CCG7
G0MBT1	G0MBT1
A0A0K9R6Z2	A0A0K9R6Z2
A0A0K9R6Z2	A0A087H2T6
A0A0K9R6Z2	A0A0D2RC07
A0A0S4NSF9	A0A0S4NSF9
A0A0W0BEU4	A0A0W0BEU4
A0A0W0BEU4	F5N7J1
A0A0W0BEU4	A0A127GPW2
A0A0W0BEU4	E0F9P2
Q2FPD1	Q2FPD1
L2GW99	L2GW99
Q7VR69	Q7VR69
Q7VR69	A0A143WTU4
A0A0S1LIZ2	A0A0S1LIZ2
A0A0E3H805	A0A0E3H805
Q4H4H6	Q4H4H6
S5Z5H2	S5Z5H2
E1JQ15	E1JQ15
E1JQ15	A0A0R1WV60
E1JQ15	A0A0R1MGN4
A0A0H3WHH9	A0A0H3WHH9
A0A0H3WHH9	A0A0H3WHZ6
A0A060XPQ3	A0A060XPQ3
A0A060XPQ3	A0A146YMS1
T0MVB0	T0MVB0
Q9N0T9	Q9N0T9
Q9N0T9	P01348
A0A0D2U431	A0A0D2U431
A0A0D2U431	M4DI78
A0A0D2U431	B9SPH8
F3LSY0	F3LSY0
Q9QJ44	Q9QJ44
A0A0F3HQB6	A0A0F3HQB6
A0A0F3HQB6	F3UBK5
G3VB39	G3VB39
A0A0D9S1W6	A0A0D9S1W6
A0A0D9S1W6	L5KZT0
A0Q7B6	A0Q7B6
A0Q7B6	B2SG31
H2MH31	H2MH31
H2MH31	A0A146U4G1
H2MH31	U6DE75
H2MH31	F7EC83
Q29LD6	Q29LD6
G8NAH1	G8NAH1
G8NAH1	A0A0S7AMK5
A0A0D4FF42	A0A0D4FF42
A0A0D4FF42	A0A0D4EPL8
D9PPH2	D9PPH2
A0A0R0M7P2	A0A0R0M7P2
A0A0R0M7P2	M1X647
A0A0R0M7P2	I4HHT0
B3NVP2	B3NVP2
A0A0F3PH24	A0A0F3PH24
A0A132BJ73	A0A132BJ73
G7VD10	G7VD10
U6DBI4	U6DBI4
A0A124GAT5	A0A124GAT5
A0A0F4YHT8	A0A0F4YHT8
F2DCQ8	F2DCQ8
F2DCQ8	A0A0D3EU45
A0A0H4B6N5	A0A0H4B6N5
F1N2Y8	F1N2Y8
F1N2Y8	G3TEZ8
F1N2Y8	G3WEC7
A0A076LKZ3	A0A076LKZ3
P0CAC6	P0CAC6
P0CAC6	A0A0C5AZJ0
P0CAC6	A9JLD0
B2DB34	B2DB34
K7QK62	K7QK62
A9BDG0	A9BDG0
A9BDG0	A0A0D5A2A5
I7MJL5	I7MJL5
I7MJL5	D8LNH1
I7MJL5	A0A078B9B5
H9EMA7	H9EMA7
A0A0F5H0J5	A0A0F5H0J5
H2R964	H2R964
H2R964	Q9H4I0
A0A096NT45	A0A096NT45
A0A096NT45	G1QQ42
A0A0A6HYD1	A0A0A6HYD1
A0A0T8PQX8	A0A0T8PQX8
A0A0T8PQX8	P42305
G2LML8	G2LML8
A8H970	A8H970
V7AD21	V7AD21
Q6XVX8	Q6XVX8
A0A0F6L1E2	A0A0F6L1E2
D3BAC3	D3BAC3
M3ZST2	M3ZST2
M3ZST2	K7APE5
M3YE08	M3YE08
E9QMF1	E9QMF1
W5JA80	W5JA80
G3TCG4	G3TCG4
A0A117KKR7	A0A117KKR7
Q3UU93	Q3UU93
A0A066UJ13	A0A066UJ13
A0A066UJ13	D5VC89
A0A157T226	A0A157T226
Q9C447	Q9C447
Q9KJT8	Q9KJT8
T0LZR5	T0LZR5
D2RI15	D2RI15
B4KYW3	B4KYW3
B4KYW3	A0A0M4EF06
B4KYW3	M9PCD6
F2ED24	F2ED24
F2ED24	M0XV99
Q9HD43	Q9HD43
Q9HD43	L9KPN3
Q8K9I8	Q8K9I8
A0A0F3PLI6	A0A0F3PLI6
A0A0E9CCI4	A0A0E9CCI4
A0A0T9CG70	A0A0T9CG70
A0A0T9CG70	A0A089QYM9
Q9RPX7	Q9RPX7
M9IA00	M9IA00
K9IP02	K9IP02
A0A151C2U9	A0A151C2U9
A0A151C2U9	A1A0T4
A0A151C2U9	Q3RDU0
A0A151C2U9	A0A0K9ULQ6
B1RTX8	B1RTX8
B1RTX8	B2D8Q1
A0A023H9T6	A0A023H9T6
A0A059IW69	A0A059IW69
A0A0K1HPU4	A0A0K1HPU4
A0A136NEJ7	A0A136NEJ7
A1VCW7	A1VCW7
P0C750	P0C750
Q92406	Q92406
Q41258	Q41258
A0A0G4DWF9	A0A0G4DWF9
W8JR15	W8JR15
W8JR15	Q9PL11
W8JR15	A0A061JFH5
P11000	P11000
S9YHN8	S9YHN8
B4MYC9	B4MYC9
B4MYC9	A0A0K8TP04
F1MI94	F1MI94
Q2JWH1	Q2JWH1
O58114	O58114
Q70DU9	Q70DU9
B8G932	B8G932
C1A821	C1A821
A0A0A3XAX9	A0A0A3XAX9
A0A0A3XAX9	C4YCX6
B6SPE7	B6SPE7
B0BWG2	B0BWG2
B0BWG2	Q4UKI6
B0BWG2	A8F0T5
H6Q9R5	H6Q9R5
A8YNQ8	A8YNQ8
W5C4R3	W5C4R3
W1NUJ3	W1NUJ3
Q39RR3	Q39RR3
A0A147DGV5	A0A147DGV5
G0TQE4	G0TQE4
S8P522	S8P522
A0A061G554	A0A061G554
M2PUH1	M2PUH1
A0A0A0KWH9	A0A0A0KWH9
A0A0A0KWH9	B9MTQ9
A0A0A0KWH9	F6HMQ2
A0A0A0KWH9	M5WLC9
B9NBE5	B9NBE5
Q8WPB1	Q8WPB1
A0A0D3CRC2	A0A0D3CRC2
A0A0D3CRC2	S8E0S0
B4KFW6	B4KFW6
Q6SAL8	Q6SAL8
G3TMV8	G3TMV8
F0NI27	F0NI27
I2AYW0	I2AYW0
A0A015JM09	A0A015JM09
Q83UP4	Q83UP4
Q3RGQ4	Q3RGQ4
Q8U3M6	Q8U3M6
A0A0D1CX75	A0A0D1CX75
A0A0D1CX75	J1YSE2
A0A0D1CX75	A0A0T7RR08
Q8E9R4	Q8E9R4
Q8E9R4	V1DD37
A4WJI0	A4WJI0
A0A0U4GPQ8	A0A0U4GPQ8
G1U846	G1U846
A0A0A2JTD5	A0A0A2JTD5
F6QAS4	F6QAS4
Q6WYR6	Q6WYR6
A0A0F3NC78	A0A0F3NC78
A0A0F3NC78	Q2GK29
P02969	P02969
Q71V39	Q71V39
Q71V39	A0A0D9VSS7
B4JRT9	B4JRT9
Q824F1	Q824F1
Q824F1	S7KTZ1
Q824F1	A0A070A104
U3G096	U3G096
U3G096	V5QIP6
U3G096	A0A0K1ZC86
J7I6U2	J7I6U2
A0A087GM37	A0A087GM37
A0A078JDH5	A0A078JDH5
W5NIE1	W5NIE1
S4S1W6	S4S1W6
Q9ZUK6	Q9ZUK6
B1AI75	B1AI75
B1RY28	B1RY28
L7CH57	L7CH57
L7CH57	A0A150SXF8
L7CH57	L8MT92
A0A086IXN2	A0A086IXN2
A0A086IXN2	A0A0T9P0F1
A0A086IXN2	A0A0I9RCP4
V7BVK1	V7BVK1
V7BVK1	A0A0B2SXM1
Q3ED38	Q3ED38
Q3ED38	D7KHL9
Q21TB9	Q21TB9
Q21TB9	N3JVN3
Q21TB9	T5UNF2
B7ICN6	B7ICN6
Q5V385	Q5V385
P75103	P75103
Q785D6	Q785D6
Q785D6	Q782N7
D2Y236	D2Y236
B9STB1	B9STB1
Q8GHD1	Q8GHD1
B5JNW5	B5JNW5
F4PHC1	F4PHC1
F4PHC1	F0ZPY2
A0A067LDH0	A0A067LDH0
A0A0F3QBI9	A0A0F3QBI9
B6TUC0	B6TUC0
A0A151U109	A0A151U109
A0A151U109	M5W670
T0WJ85	T0WJ85
F6WZI7	F6WZI7
A0A0S8F0T5	A0A0S8F0T5
Q28933	Q28933
D7TFR5	D7TFR5
A0A078I2Q9	A0A078I2Q9
A0A078I2Q9	A0A022Q789
A0A087HFD2	A0A087HFD2
G3W9V3	G3W9V3
G3W9V3	G9KD18
I7LKA8	I7LKA8
A0A0H3HU77	A0A0H3HU77
A0A0H3HU77	A0A0E1S3A2
W6TLG8	W6TLG8
A0A0R0JEI7	A0A0R0JEI7
A0A142NPC5	A0A142NPC5
P84600	P84600
A0A0D0X5B9	A0A0D0X5B9
A0A0D0X5B9	R7SB56
Q9ZE43	Q9ZE43
Q9ZE43	A0A0S2CAQ9
C6R974	C6R974
Q5BK10	Q5BK10
A0A076MA95	A0A076MA95
A0A076MA95	E0DGQ3
A0A076MA95	C0E3X5
F6SG30	F6SG30
F6SG30	G3QEY7
E2IL14	E2IL14
B4JS68	B4JS68
G7PUZ0	G7PUZ0
B6TYA0	B6TYA0
B9RRZ6	B9RRZ6
B9RRZ6	V4UD11
A0A151ZSF0	A0A151ZSF0
Q0SPD1	Q0SPD1
A0A068RHQ9	A0A068RHQ9
C5M757	C5M757
C5M757	A3LYF7
Q6VAA7	Q6VAA7
A0A098ASC8	A0A098ASC8
A0A098ASC8	C0R2M3
A0A151R0E2	A0A151R0E2
A0A151R0E2	V4U979
P85749	P85749
P85749	P85619
A0A0B4KE90	A0A0B4KE90
A0A059CL85	A0A059CL85
A0A059CL85	A0A151RUR6
A0A059CL85	A0A022QZ16
A0A059CL85	M5W9S4
G1MYK6	G1MYK6
A0A0B1Q1P7	A0A0B1Q1P7
A0A0U4AIJ5	A0A0U4AIJ5
A0A0Q9XF22	A0A0Q9XF22
A0A0Q9XF22	X2JA59
Q69321	Q69321
A0A078C6M4	A0A078C6M4
Q95RC0	Q95RC0
Q95RC0	M4CLP8
Q95RC0	V4MIR1
A0A0A7X1S6	A0A0A7X1S6
A0A0S7KV56	A0A0S7KV56
A0A0D3B3J4	A0A0D3B3J4
B5ZBF5	B5ZBF5
A0A101EKB6	A0A101EKB6
A4G003	A4G003
U5FQF6	U5FQF6
A0A0R2KWJ6	A0A0R2KWJ6
V7N9J7	V7N9J7
R9V701	R9V701
R9V701	B1N229
R9V701	A0A0M1IJ15
R9V701	B9B990
R9V701	W9BNP1
R9V701	A0A0P6Z0T1
R9V701	U5ACM9
R9V701	B6J1B2
Q9HGZ9	Q9HGZ9
B2JVP4	B2JVP4
R0G331	R0G331
C7EYW7	C7EYW7
Q32ZG4	Q32ZG4
A0A146UYF5	A0A146UYF5
P84844	P84844
A0A0K0K5N4	A0A0K0K5N4
B1P1D0	B1P1D0
B1P1D0	B1P1B7
A0A0R1LJI4	A0A0R1LJI4
A0A0G4E3F4	A0A0G4E3F4
A0A142WCI0	A0A142WCI0
A0A075E197	A0A075E197
Q9V9A8	Q9V9A8
O00936	O00936
O00936	A0A0F7UEL8
A0A097J1F5	A0A097J1F5
A0A097J1F5	Q7Y4P6
Q1PD62	Q1PD62
G3B8C1	G3B8C1
G3B8C1	G3B8C3
G3B8C1	A0A0A3ZXG9
G3B8C1	A0A0A6LY61
G3B8C1	A0A0A6KA40
M3N4H4	M3N4H4
M3N4H4	I9SPT8
M3N4H4	M3QDD2
A0A0L7R5U2	A0A0L7R5U2
G1R3P8	G1R3P8
V4KX72	V4KX72
V4KX72	A0A078H279
I6XWL3	I6XWL3
A0A0E0IC69	A0A0E0IC69
J0QCL9	J0QCL9
B9RPM3	B9RPM3
A0A0A6J1R9	A0A0A6J1R9
A0A0K8UXW2	A0A0K8UXW2
A0A0K8UXW2	B4I7J9
A0A134DRD9	A0A134DRD9
A0A134DRD9	J6H335
A0A0J8B957	A0A0J8B957
A0A0J8B957	A0A0D3ANL2
A0A078HL07	A0A078HL07
B3MAU6	B3MAU6
P63133	P63133
A0A0W8FR50	A0A0W8FR50
A0A0D2QWS0	A0A0D2QWS0
B9T8C4	B9T8C4
A0A084BP41	A0A084BP41
L8AKZ7	L8AKZ7
Q2M0K8	Q2M0K8
A0A0D9WCZ8	A0A0D9WCZ8
A0A0D9WCZ8	M0TRX9
A0A0K0HL38	A0A0K0HL38
A0A0D2S9Z9	A0A0D2S9Z9
F6BDS8	F6BDS8
K4AT76	K4AT76
A0A0E9C8W6	A0A0E9C8W6
Q77MY8	Q77MY8
P30344	P30344
I3RDE6	I3RDE6
T1Y9P1	T1Y9P1
T1Y9P1	A0A077UH74
T1Y9P1	K0TW94
Q06KH7	Q06KH7
A3QNS7	A3QNS7
Q9GNF0	Q9GNF0
R0I8Q5	R0I8Q5
A0A0D3DU20	A0A0D3DU20
A0A0D3DU20	A0A078DIB5
A0A0D3DU20	A0A0D3BPA3
A0A0D3DU20	M4CKE4
Q6IWG5	Q6IWG5
B3KS81	B3KS81
B3KS81	H2NZ33
A0A0M7QAJ2	A0A0M7QAJ2
P9WLK0	P9WLK0
F1RH33	F1RH33
F1RH33	D3YZU4
G1SNE5	G1SNE5
M4FIF7	M4FIF7
G7P5K3	G7P5K3
B3A0J9	B3A0J9
P57460	P57460
B9SMY5	B9SMY5
H2WF23	H2WF23
W9E9B0	W9E9B0
H9JIE3	H9JIE3
A0A078H8H4	A0A078H8H4
I1H8F1	I1H8F1
F6YXW7	F6YXW7
F6YXW7	D3ZVT7
A0A0D9SAK0	A0A0D9SAK0
A0A0E0G2F4	A0A0E0G2F4
A0A0E0G2F4	B8QN50
A0A078FW44	A0A078FW44
A0A078FW44	V4KJ11
Q5Y4Y1	Q5Y4Y1
A0A0D4EQ84	A0A0D4EQ84
S8GXX4	S8GXX4
A0A0A3X2W9	A0A0A3X2W9
I6AYM4	I6AYM4
A0A0K6KDN4	A0A0K6KDN4
A0A061IL33	A0A061IL33
A0A0K0LBT2	A0A0K0LBT2
A0A153K8S4	A0A153K8S4
A0A153K8S4	A0A0A1XYN6
A0A153K8S4	A0A0F3NPG0
A0A153K8S4	A0A098AQJ0
H8K5R3	H8K5R3
A0A084WSM6	A0A084WSM6
A0A0F8UZC1	A0A0F8UZC1
A0A0D3SGD5	A0A0D3SGD5
A0A066PKZ6	A0A066PKZ6
Q5YWV1	Q5YWV1
E6BRB9	E6BRB9
E6BRB9	A0A0P8K008
H3AUC2	H3AUC2
C9RHC8	C9RHC8
S7PCR3	S7PCR3
A0A0A6MQ59	A0A0A6MQ59
G3ARY0	G3ARY0
G3UL51	G3UL51
A0A143ZNS2	A0A143ZNS2
C0HJP0	C0HJP0
A0A0D9RYJ4	A0A0D9RYJ4
A0A076LHA2	A0A076LHA2
B9AGS7	B9AGS7
B9AGS7	Q2NHD6
B9AGS7	U6EBL7
K3XME8	K3XME8
K3XME8	Q06030
K3XME8	F2CRM3
U2SPP3	U2SPP3
Q53135	Q53135
B9ZW93	B9ZW93
D3BPC8	D3BPC8
A8F183	A8F183
A8F183	A0A0F3QMW1
A0A0W0TZ11	A0A0W0TZ11
D4N278	D4N278
D4N278	A0A140HRA1
A0A0D9R5B7	A0A0D9R5B7
Q5ENZ6	Q5ENZ6
Q5ENZ6	Q5EP08
Q0YRG2	Q0YRG2
V7CKD4	V7CKD4
A0A0F3QN05	A0A0F3QN05
A0Q515	A0Q515
A0Q515	A0A0E2ZHP9
Q31D08	Q31D08
M1H001	M1H001
A6TWV7	A6TWV7
A0A0P6P1B0	A0A0P6P1B0
A0A0B7J6F2	A0A0B7J6F2
A0A0B7J6F2	C4YW95
Q8E8T4	Q8E8T4
Q8E8T4	B1KM97
Q69B67	Q69B67
Q69B67	H2L2Q3
Q69B67	R9RSS9
Q69B67	D3VZB8
A0A0F3NPR8	A0A0F3NPR8
A0A0A7RI94	A0A0A7RI94
A0A0A7RI94	V5RF64
A0A0B5BGI6	A0A0B5BGI6
A0A0B5BGI6	A0A0C1QKS0
A0A096P2R5	A0A096P2R5
Q91453	Q91453
Q91453	F2ZAE8
Q91453	A0A068BD83
A0A0B5KRT5	A0A0B5KRT5
D2BIA7	D2BIA7
H2R0Q6	H2R0Q6
H2R0Q6	A0A146P8B5
H2R0Q6	K7FZ76
A0A0E3SXR2	A0A0E3SXR2
A0A0U3EIQ6	A0A0U3EIQ6
A0A0M2ABJ4	A0A0M2ABJ4
A0A0T6B3A9	A0A0T6B3A9
A0A0C2MD90	A0A0C2MD90
A0A0D3B5L4	A0A0D3B5L4
R8XNY1	R8XNY1
A5URZ1	A5URZ1
Q6YXP5	Q6YXP5
G3RQ68	G3RQ68
G3RQ68	G7Q3D7
A0A0F5H014	A0A0F5H014
A0A0F5H014	E4Q0V6
F1PFA6	F1PFA6
D3AZC2	D3AZC2
K2ALB3	K2ALB3
A0A0J9QY47	A0A0J9QY47
A0A0K0FAP6	A0A0K0FAP6
A0A0K0K738	A0A0K0K738
D4G8N2	D4G8N2
W9PBQ6	W9PBQ6
C5CGQ5	C5CGQ5
C5CGQ5	A0A0H2T2Q4
Q85674	Q85674
Q85674	Q9DUS8
Q85674	K4NTR0
A0A0A8EDA3	A0A0A8EDA3
P34951	P34951
A0A0C9LY08	A0A0C9LY08
A0A0C9LY08	A0A0B7NCM7
D4WHU3	D4WHU3
A0A0D9R1E7	A0A0D9R1E7
H2WC54	H2WC54
A0A0E1LL87	A0A0E1LL87
A1QZ05	A1QZ05
A1QZ05	W5SZB1
Q03SP8	Q03SP8
Q03SP8	B9DJM4
N9SRS9	N9SRS9
A0A0N9SH19	A0A0N9SH19
A0A0N8SLE5	A0A0N8SLE5
V5N0S3	V5N0S3
V5N0S3	V5KXD1
A0A078H2F4	A0A078H2F4
F5U222	F5U222
F5U222	U5PLW3
F5U222	W1U036
F5U222	R3KFD6
F5U222	A0A0R2B1P7
Q5ZZQ3	Q5ZZQ3
H0W5K8	H0W5K8
A0A0Q7TGU5	A0A0Q7TGU5
A0A061HZ23	A0A061HZ23
A0A061HZ23	L8I1U3
A0A061HZ23	W5NS54
A0A0P8XMD5	A0A0P8XMD5
A7X3V0	A7X3V0
A7X3V0	A0A0B8RS37
Q9ZJ66	Q9ZJ66
A0A0H3S702	A0A0H3S702
I8TQC6	I8TQC6
I8TQC6	A0A0K8L9H8
I8TQC6	A1DKY5
A8AAJ4	A8AAJ4
F0S367	F0S367
F0S367	A4J2F4
F0S367	A0A0W8E3A0
F2L1C7	F2L1C7
A0A0J8D0F1	A0A0J8D0F1
M9U6X9	M9U6X9
Q0ZAS4	Q0ZAS4
A0A0R0AV16	A0A0R0AV16
F5CAI2	F5CAI2
S9B2F6	S9B2F6
S9B2F6	S8G1C3
S9B2F6	Q02VS3
A0A088E649	A0A088E649
A0A088E649	M1I1W0
P60209	P60209
A0A0C2VRH1	A0A0C2VRH1
U6Q0T8	U6Q0T8
U6Q0T8	A0A0C2CMN8
N6V0C5	N6V0C5
A8MDN0	A8MDN0
A8MDN0	A0A0F2L8V9
A0A0Q9P852	A0A0Q9P852
A0A0A2B6B8	A0A0A2B6B8
E5KJJ2	E5KJJ2
E5KJJ2	A0A0F6VY74
A0A0V8BKH0	A0A0V8BKH0
A0A0V8BKH0	W3Y3L9
A0A0V8BKH0	P0DF66
A0A0V8BKH0	A0A120ZX96
A0A0V8BKH0	F8KG10
A0A0V8BKH0	A0A136AA76
Q88605	Q88605
A0A0G2NN44	A0A0G2NN44
A0A0G2NN44	Q8ZPA6
A5YT99	A5YT99
A5YT99	A0A143CV41
A5YT99	A0A0F5H217
Q6RCS8	Q6RCS8
T1DKV2	T1DKV2
T1DKV2	A0A099Z0G8
A0A078FCZ0	A0A078FCZ0
A0A078FCZ0	M0ZLJ1
A0A078FCZ0	A0A0D3B1B4
A0A0K2S5H6	A0A0K2S5H6
A0A067L6X3	A0A067L6X3
M3Y9K8	M3Y9K8
A0A0A7P9J9	A0A0A7P9J9
A0A0A7P9J9	A7DY24
J0D5F9	J0D5F9
J0D5F9	K4J2B2
A0A0N5A8K9	A0A0N5A8K9
W8CI43	W8CI43
S5Z3X5	S5Z3X5
D4GZY3	D4GZY3
G1S803	G1S803
G1S803	G1PEN0
G1S803	H3BF65
I6US94	I6US94
Q8P0Z2	Q8P0Z2
B4SCZ7	B4SCZ7
B4SCZ7	A4SG66
A0A0D1L2B8	A0A0D1L2B8
A0A0D1L2B8	M4KY21
Q9LI64	Q9LI64
I3MY32	I3MY32
L5M437	L5M437
B4JZ60	B4JZ60
B4JZ60	A0A0J9R380
K7HXU2	K7HXU2
Q91IE1	Q91IE1
B4S5C0	B4S5C0
A0A0M2KVK6	A0A0M2KVK6
A0A0M2KVK6	B2FQ90
A0A117SUH9	A0A117SUH9
A0A098L6Y1	A0A098L6Y1
B4UIM1	B4UIM1
I6LU24	I6LU24
I6LU24	A5JHM0
G3X3J1	G3X3J1
K5YP94	K5YP94
A0A146W3R9	A0A146W3R9
A0A0S3RBN0	A0A0S3RBN0
A0A124FCW3	A0A124FCW3
G0GWK3	G0GWK3
R7XML7	R7XML7
A0A135VHA2	A0A135VHA2
Q2YHL5	Q2YHL5
Q2YHL5	G3ER40
Q9W2C3	Q9W2C3
Q9W2C3	B4QGM0
A9JLR9	A9JLR9
G0NHF1	G0NHF1
B3XV94	B3XV94
B3XV94	B1AHZ6
Q3ARC0	Q3ARC0
A0A0Q5MCF9	A0A0Q5MCF9
G4SUD8	G4SUD8
A0A060X2L9	A0A060X2L9
A0A059C829	A0A059C829
D3B1Q0	D3B1Q0
D3B1Q0	A0A152A0S8
D7KL59	D7KL59
B3A0C4	B3A0C4
A0A0N5A758	A0A0N5A758
A0A0N5A758	A8XK22
A8ALK7	A8ALK7
B0B8E9	B0B8E9
F7EJJ3	F7EJJ3
F7RNZ8	F7RNZ8
A0A0F3MJ20	A0A0F3MJ20
A0A060XD47	A0A060XD47
F6XUS1	F6XUS1
B0BVW3	B0BVW3
Q92WJ0	Q92WJ0
Q92WJ0	Q2YKX3
Q92WJ0	N2JMD5
Q92WJ0	A0A128ASK4
Q92WJ0	A0A080FJ22
U5NIC7	U5NIC7
M4CVI2	M4CVI2
K2PX57	K2PX57
K2PX57	T0S4G6
K2PX57	A0A089ZG12
E9DED8	E9DED8
E9DED8	A0A0J8R002
A0A059A3Z0	A0A059A3Z0
A0A096NAF8	A0A096NAF8
A0A096NAF8	A0A061IBV4
A0A096NAF8	G1PDW0
A0A077BCK2	A0A077BCK2
S3KP05	S3KP05
P83994	P83994
F1DFH6	F1DFH6
Q8W3J7	Q8W3J7
Q8W3J7	A0A0D2T3X6
Q8W3J7	M4DFN0
Q8W3J7	A0A067DIE3
N1JXD1	N1JXD1
Q6RYB8	Q6RYB8
A0A022R0H5	A0A022R0H5
P08145	P08145
A0A0M2DN99	A0A0M2DN99
A0A072NJ89	A0A072NJ89
F1AEL5	F1AEL5
T0NF33	T0NF33
A0A087XB12	A0A087XB12
Q9CK40	Q9CK40
A0A0F3N2B0	A0A0F3N2B0
G6LWG4	G6LWG4
G6LWG4	A0A0T8R1Y2
G3SVS5	G3SVS5
G3SVS5	G7NUP1
G3SVS5	F4PLR0
A0A0D3FWR7	A0A0D3FWR7
B9KKQ3	B9KKQ3
B9KKQ3	Q9REL8
K9J888	K9J888
B7BEJ7	B7BEJ7
A0A0Y0REG2	A0A0Y0REG2
M1QI61	M1QI61
Q45Z49	Q45Z49
V4U311	V4U311
V4U311	A0A0D2UR16
E6L1T5	E6L1T5
W5Y714	W5Y714
G1QJL5	G1QJL5
A0A0X3TGS5	A0A0X3TGS5
A0A0M3RSM6	A0A0M3RSM6
A0A0F7WVZ4	A0A0F7WVZ4
Q8RWL5	Q8RWL5
Q8RWL5	A0A078JCN8
Q3KN03	Q3KN03
A0A024R0I0	A0A024R0I0
M8CLY5	M8CLY5
A0A0H3LH20	A0A0H3LH20
P0CAC3	P0CAC3
P0CAC3	A0A0C5AZH5
P0CAC3	Q65175
A0A024R0K5	A0A024R0K5
M5ZCY0	M5ZCY0
M5ZCY0	M7A870
A8WWF9	A8WWF9
C8CPE3	C8CPE3
G2LPB9	G2LPB9
A0A024W2P2	A0A024W2P2
I2CM43	I2CM43
C9JFL3	C9JFL3
B4MVC9	B4MVC9
M3IHM9	M3IHM9
M3IHM9	C5MDK1
M3IHM9	A0A0A6KZI3
A0A151IUD4	A0A151IUD4
A0A151IUD4	A0A0C9RBN1
I7C491	I7C491
I7C491	A0A089WXU7
B8EC55	B8EC55
B9WIT9	B9WIT9
B9WIT9	A0A0A4A0P7
Q10VV0	Q10VV0
A0A0A4B4E7	A0A0A4B4E7
A0A0A4B4E7	A0A0A4DU93
A0A0A4B4E7	A0A0A6K771
A0A061GEG5	A0A061GEG5
A0A061GEG5	V4U9B3
B9QWV5	B9QWV5
B9QWV5	F5SWH5
B9QWV5	K2N6A5
A0A0H2SJW9	A0A0H2SJW9
Q9PJH1	Q9PJH1
Q01295	Q01295
H2VAK6	H2VAK6
A0A0G3IXU9	A0A0G3IXU9
W0G6K1	W0G6K1
J0DNQ7	J0DNQ7
A0A0A2BRB3	A0A0A2BRB3
A3JER8	A3JER8
A3JER8	A0A072N9H7
Q84SX8	Q84SX8
Q08888	Q08888
Q08888	P59483
A0A0D0WGH9	A0A0D0WGH9
E6BTR8	E6BTR8
A0A0K6BRQ5	A0A0K6BRQ5
A0A0K6BRQ5	R6YTA6
A0A0K6BRQ5	A0A015YP34
A0A0K6BRQ5	A0A0E2TBT2
A0A0K6BRQ5	K1G783
A0A0K6BRQ5	C0WXF3
A0A0K6BRQ5	C2XZF1
A0A0K6BRQ5	B2GBQ5
A0A0K6BRQ5	R8LGB9
A0A0K6BRQ5	A0A0A6KG59
A0A0K6BRQ5	W6Z258
A0A0K6BRQ5	A0A0P9VUD3
A0A0K6BRQ5	A0A0F6ZZ67
A0A0K6BRQ5	A0A0Q4X8V5
A0A0K6BRQ5	Q68XI2
A0A0K6BRQ5	A0A0F9Y091
Q3B2S6	Q3B2S6
J7M2A6	J7M2A6
D7H3J0	D7H3J0
S9W2A9	S9W2A9
Q4ZJZ3	Q4ZJZ3
A0A149N4Z4	A0A149N4Z4
A0A149N4Z4	A0A0W1JIE3
A0A149N4Z4	U3XRM3
A0A149N4Z4	R9WZE1
A0A149N4Z4	S4ZMM2
A0A149N4Z4	F5VBP7
A0A149N4Z4	A0A0Y2AP64
D1C501	D1C501
A0A0D3AAV1	A0A0D3AAV1
A5XEJ5	A5XEJ5
A0A0A7RV22	A0A0A7RV22
A0A0A7RV22	Q6QGE9
A0A0D5ZDC7	A0A0D5ZDC7
A0A0D5ZDC7	Q97BU5
I3LLN0	I3LLN0
W7KMD9	W7KMD9
W7KMD9	A0A0U3HDS3
A0A106C220	A0A106C220
D3S2H6	D3S2H6
B3P6Q6	B3P6Q6
B3P6Q6	A0A0L0BVF2
A0A088REU1	A0A088REU1
A0A0A2BTY0	A0A0A2BTY0
D3DG86	D3DG86
A0A087GCZ1	A0A087GCZ1
A0A0A3E4J2	A0A0A3E4J2
V4MFJ8	V4MFJ8
W8C9X6	W8C9X6
A1RST1	A1RST1
R0G5C9	R0G5C9
A0A0H0XTI6	A0A0H0XTI6
M4D9T2	M4D9T2
M3XFT5	M3XFT5
M3XFT5	I1YAP6
A0A0D6AWR7	A0A0D6AWR7
L7UIP1	L7UIP1
W5M0V7	W5M0V7
A0A0H2YR40	A0A0H2YR40
A0A0H2YR40	B1BSC5
A0A0H2YR40	A0A0Q1GPB4
A0A0H2YR40	B1KRZ5
M4CLW8	M4CLW8
B4FQY3	B4FQY3
B4FQY3	A0A096RIC8
B4FQY3	A0A0E0E618
B4FQY3	I1NX50
G2Z8A0	G2Z8A0
X0DL18	X0DL18
X0DL18	W9HX22
Q20WW7	Q20WW7
E3GMU8	E3GMU8
O59291	O59291
A0A0T5X8W4	A0A0T5X8W4
I9YUH5	I9YUH5
I9YUH5	J0HY11
B1V008	B1V008
M7BG72	M7BG72
M7BG72	A0A151M5F1
M7BG72	P00525
B3LVH6	B3LVH6
B3LVH6	D7FAG4
Q7Q5T3	Q7Q5T3
H0GJF4	H0GJF4
D7MKX9	D7MKX9
Q7PTC5	Q7PTC5
O67209	O67209
U7LHM6	U7LHM6
A0A0B5FIG8	A0A0B5FIG8
A0A0B5FIG8	A0A0D5N9K9
F6BCZ8	F6BCZ8
C0JSL7	C0JSL7
A0A0K8TWE3	A0A0K8TWE3
A0A0K8TWE3	B4P3S2
A0A016S0K7	A0A016S0K7
F5HA27	F5HA27
F5HA27	P88957
A0A067FQ99	A0A067FQ99
A0A067FQ99	B9RE87
I0GI65	I0GI65
D0T951	D0T951
D0T951	A0A0K2J664
A5DQQ9	A5DQQ9
N1P9P9	N1P9P9
A0A087GVX5	A0A087GVX5
C3V1S9	C3V1S9
C3V1S9	A0A0M9JDR4
C3V1S9	K4FC36
M9FX61	M9FX61
M9FX61	M9KLT8
M9FX61	A0A0E1LW36
M9FX61	L3KTB7
Q55ER0	Q55ER0
O83254	O83254
A0A072CBV2	A0A072CBV2
A0A078J160	A0A078J160
A0A0F4QXE5	A0A0F4QXE5
A0A0S3RW00	A0A0S3RW00
B4MRK5	B4MRK5
B4MRK5	W8AZ28
T1FTM1	T1FTM1
Q601E5	Q601E5
Q601E5	A0A059XRQ4
Q601E5	A5IYR5
Q601E5	N9TVJ1
Q601E5	A0A0E9DB17
Q2I3H0	Q2I3H0
M0P7P7	M0P7P7
B0KD52	B0KD52
B0KD52	D7ARJ0
B0KD52	E8UVG0
A0A0K6L9U8	A0A0K6L9U8
F8M693	F8M693
F8M693	G0THF4
A0A0D3AZF5	A0A0D3AZF5
M1J4M6	M1J4M6
A5PKT1	A5PKT1
H6Q896	H6Q896
A0A089P7V2	A0A089P7V2
A8G2Y9	A8G2Y9
A8G2Y9	A0A076H068
A0A0A6L1J2	A0A0A6L1J2
Q8VCS6	Q8VCS6
P0CA86	P0CA86
Q0YR55	Q0YR55
D3ZXD9	D3ZXD9
E4SG99	E4SG99
C4TYR7	C4TYR7
A9X702	A9X702
H5V8A9	H5V8A9
A4VAL0	A4VAL0
R0EVX3	R0EVX3
A0A0D1K2M6	A0A0D1K2M6
Q47WJ3	Q47WJ3
A5U6U1	A5U6U1
A5U6U1	A0A0T9G8U2
H0WAV6	H0WAV6
H0WAV6	P02654
R0JCP6	R0JCP6
D2KX90	D2KX90
R0GCU6	R0GCU6
R0GCU6	A0A151G6C6
A0A0R3PK65	A0A0R3PK65
M5AC79	M5AC79
M5AC79	G5CBY6
M3Y8P9	M3Y8P9
A0A0D7UZB9	A0A0D7UZB9
A0A0D7UZB9	Q1QZ16
B4GMY7	B4GMY7
B4GMY7	B4HL35
A0A073AKJ6	A0A073AKJ6
A0A0A6KVM8	A0A0A6KVM8
H2L039	H2L039
P0C6R6	P0C6R6
G0GZF9	G0GZF9
A0A142GQJ2	A0A142GQJ2
A0A142GQJ2	A0A125Y9Q9
A0A0Q9HB24	A0A0Q9HB24
A0A0Q9HB24	A0A015KXE1
F7XKL7	F7XKL7
A0A0J9R5D5	A0A0J9R5D5
C3N0D2	C3N0D2
A0A0L0THG9	A0A0L0THG9
Q1J0V5	Q1J0V5
A0A0N0DK64	A0A0N0DK64
A0A0N0DK64	B7VRN8
A0A0B6KI50	A0A0B6KI50
A0A0B6KI50	A0A153JC63
O46258	O46258
B2DB35	B2DB35
B2DB35	A0A0H3DKC5
Q9GKQ4	Q9GKQ4
Q9GKQ4	S4SNH6
Q9GKQ4	A0A068B2A1
Q9GKQ4	P68038
D6CFW8	D6CFW8
D6CFW8	P36352
B3NGT0	B3NGT0
B2DA39	B2DA39
B2DA39	B2NEC0
B2DA39	B1RX72
A0A0K2HVW0	A0A0K2HVW0
K7LJI9	K7LJI9
K7LJI9	W5BVK5
A0A0G4E387	A0A0G4E387
T0GR28	T0GR28
T0GR28	V6HIX7
A0A0A4C3R2	A0A0A4C3R2
B4R6Q0	B4R6Q0
D3ZP99	D3ZP99
A0A0R3TWQ4	A0A0R3TWQ4
A0A087HMG7	A0A087HMG7
A0A0A6JDI8	A0A0A6JDI8
P0C6D8	P0C6D8
O89271	O89271
A0A0U3S163	A0A0U3S163
A0A0U3S163	H3ZQK6
V6T7I1	V6T7I1
P0DMB5	P0DMB5
P0DMB5	P53357
Q18LE0	Q18LE0
P52467	P52467
A0A0C5PRQ1	A0A0C5PRQ1
A0A0C5PRQ1	E5SC38
A0A078JK12	A0A078JK12
K9UXX2	K9UXX2
K9UXX2	G0HFW1
A0A022R443	A0A022R443
A0A022R443	A0A0D2R2E6
A0A099YB40	A0A099YB40
H8F4P8	H8F4P8
H8F4P8	A0A0P5CJI2
L5KV72	L5KV72
L5KV72	B2RQL6
F8MA19	F8MA19
R0HD44	R0HD44
A0A068R101	A0A068R101
A0A0C1HAL8	A0A0C1HAL8
A0A0C1HAL8	F8L347
A0A0U5PSR4	A0A0U5PSR4
Q3T550	Q3T550
L7MEN2	L7MEN2
H0V7F2	H0V7F2
H0V7F2	G9KF94
Q6YH97	Q6YH97
A0A158Q3D6	A0A158Q3D6
A0A158Q3D6	H3ECL9
A0A0A4AQQ6	A0A0A4AQQ6
A9NEC0	A9NEC0
K4B7T2	K4B7T2
K4B7T2	A0A0L9TG00
A0A0D3DVR4	A0A0D3DVR4
V4LJM4	V4LJM4
A0A0M7QAY1	A0A0M7QAY1
D4FMT9	D4FMT9
A0A0U2BPT3	A0A0U2BPT3
E3FQY2	E3FQY2
P86650	P86650
A8X679	A8X679
A8X679	B4LE74
A8X679	A0A044TDU3
A8X679	A0A0N5CNI8
A0A096MRN3	A0A096MRN3
V4LPC1	V4LPC1
A0A0A6LXV7	A0A0A6LXV7
H8LMB7	H8LMB7
H8LMB7	A0A0C2MNN7
A0A0Q7SVJ4	A0A0Q7SVJ4
A0A0Q7SVJ4	A0A0Q7DM69
A0A0Q7SVJ4	F4R0Y3
A0A0Q7SVJ4	A0A062UAU5
V4MLH0	V4MLH0
C8SXB2	C8SXB2
K3YVU0	K3YVU0
Q7PAQ1	Q7PAQ1
E1B959	E1B959
Q8IFJ8	Q8IFJ8
A0A101X7T0	A0A101X7T0
V4MQB0	V4MQB0
A0A0V8DZU5	A0A0V8DZU5
A0A091WXG8	A0A091WXG8
B4KZ08	B4KZ08
I6TWU9	I6TWU9
I6TWU9	W0I3D1
I6TWU9	A0A062V9U4
V7N9U3	V7N9U3
V7N9U3	A0A0U0WBA2
A0A0A2FM44	A0A0A2FM44
G3IDW0	G3IDW0
A1DHG3	A1DHG3
A1DHG3	F2SLY0
A1DHG3	A0A023AD61
W0I619	W0I619
D4N2J6	D4N2J6
D7MIZ5	D7MIZ5
D7MIZ5	M5WV52
A0A158P036	A0A158P036
A0A158P036	E2AYH6
A0A0J9RY41	A0A0J9RY41
H2ER22	H2ER22
A0A078DLG0	A0A078DLG0
G3TZ40	G3TZ40
M9PBD9	M9PBD9
A0A0P0RBX7	A0A0P0RBX7
A0A0P0RBX7	A0A0C8VM59
A0A0P0RBX7	A0A0C7KJP7
A0A0P0RBX7	B3YH28
A0A0P0RBX7	J2DFN2
A0A0P0RBX7	A0A0D8DS46
A0A0P0RBX7	S4KF40
A0A0P0RBX7	R8MHB5
A0A0P0RBX7	S4KWI1
P91627	P91627
P91627	B4LLA6
A8XSB1	A8XSB1
A8XSB1	G0ML29
A0A045GYZ8	A0A045GYZ8
A8WRN8	A8WRN8
A0A0Q9X029	A0A0Q9X029
A0A075MJ38	A0A075MJ38
A0A075MJ38	A0A0C1QLR5
Q172C2	Q172C2
E1QX65	E1QX65
E1QX65	U2YP57
Q0W2C6	Q0W2C6
Q0W2C6	D9PY60
A5PN28	A5PN28
K7C3U7	K7C3U7
K7C3U7	F7IM60
K7C3U7	F7DQ25
G2FE92	G2FE92
A0A0E1X663	A0A0E1X663
A0A0E1X663	B1VK64
A0A0E1X663	Q6G9R8
A0A0E1X663	P65494
A0A0E1X663	A0A149WYN5
G3VKD2	G3VKD2
Q76U48	Q76U48
P09269	P09269
P09269	A0A0F7CVL9
E0ZN13	E0ZN13
E0ZN13	A0A142J2Y7
Q55216	Q55216
A0A063YFW1	A0A063YFW1
A0A063YFW1	A0A063YDT6
A0A151B831	A0A151B831
H2PF46	H2PF46
H2PF46	G3SWR3
E3FDR0	E3FDR0
A0A0A6QMJ0	A0A0A6QMJ0
B3DSD8	B3DSD8
B6DD29	B6DD29
I0DFX8	I0DFX8
M4EY07	M4EY07
Q2U299	Q2U299
Q2U299	P15802
Q8L910	Q8L910
T2GKU0	T2GKU0
T2GKU0	E3GXF8
Q02XL9	Q02XL9
Q02XL9	U6EPL9
A0A0U4CXV5	A0A0U4CXV5
A0A0U4CXV5	A0A0F7JNE1
A0A0U4CXV5	A0A0N0IRK5
A0A069ZUX0	A0A069ZUX0
O88514	O88514
A0A0P0WP07	A0A0P0WP07
A0A0P0WP07	A0A0D9WI75
H0WNJ0	H0WNJ0
V4LA01	V4LA01
C4WGU4	C4WGU4
Q9ZDB3	Q9ZDB3
Q9ZDB3	A0A0F3QM99
C2D1U3	C2D1U3
C2D1U3	A0A0C1PW14
Q7TU81	Q7TU81
B2RK25	B2RK25
A9BKA9	A9BKA9
A0A0A4B668	A0A0A4B668
G3RHR4	G3RHR4
B4K6E1	B4K6E1
B4K6E1	Q1HRQ0
B4K6E1	W8BT07
A0A0A3XAD5	A0A0A3XAD5
A0A0A3XAD5	B9WD20
A0A0A3XAD5	C4YPH7
A0A0A3XAD5	A0A0A3EDS5
A0A0C2RAS5	A0A0C2RAS5
A0A0C2RAS5	D5AW69
U3JPS1	U3JPS1
P68424	P68424
A0A0A7D8S1	A0A0A7D8S1
A0A0A7D8S1	I1V8J4
Q5R2A1	Q5R2A1
Q5R2A1	Q95WT9
Q5R2A1	B5B3S4
A0A022WMT0	A0A022WMT0
A0A0B7J1D3	A0A0B7J1D3
A0A0B7J1D3	H6QIE7
A0A0B7J1D3	A0A0F3PJU2
A0A154N3H9	A0A154N3H9
D2W9V3	D2W9V3
H8GVS2	H8GVS2
A0A0A0RVT8	A0A0A0RVT8
C1F640	C1F640
A0A0L9U609	A0A0L9U609
A0A0P9DZ97	A0A0P9DZ97
Q92H75	Q92H75
A5FQC0	A5FQC0
Q2LM30	Q2LM30
A0A0B8QLP0	A0A0B8QLP0
A0A0B8QLP0	Q031M9
Q89KP3	Q89KP3
A0A0A6HV79	A0A0A6HV79
A0A0A6HV79	A0A0A3ZUT8
A0A0A6HV79	A0A0A3ZTU7
O83348	O83348
I2WVC1	I2WVC1
I2WVC1	V0SE77
I2WVC1	A0A0L6MUY3
I2WVC1	A0A070CZ91
I2WVC1	E3XQE0
I2WVC1	B7MGV7
I2WVC1	A9DDU3
P0C9E4	P0C9E4
R0FKW7	R0FKW7
R0FKW7	A0A078HUQ6
Q7T6Q6	Q7T6Q6
A0A125XR38	A0A125XR38
A0A125XR38	A0A073GP68
D7LXV3	D7LXV3
F7XS53	F7XS53
A0A089N6U3	A0A089N6U3
A0A089N6U3	K4P1J1
A0A089N6U3	A0A076JTS0
A0A077N306	A0A077N306
B4LSS1	B4LSS1
Q545H6	Q545H6
H2Q270	H2Q270
C0AQ76	C0AQ76
A0A0D6M888	A0A0D6M888
F0LIT8	F0LIT8
F0LIT8	Q9V1N7
A4IWK9	A4IWK9
A0A0F3MUP1	A0A0F3MUP1
A0A0F3MUP1	A0A0F3N934
A0A0F3MUP1	Q93FT3
H2TP38	H2TP38
Q9Z1Q9	Q9Z1Q9
E9AXX3	E9AXX3
R4MDV4	R4MDV4
C3SBU9	C3SBU9
A0A0K3AV92	A0A0K3AV92
G1TBK8	G1TBK8
G1TBK8	G9K8N7
V4LKB1	V4LKB1
A0A0S1X9K7	A0A0S1X9K7
A0A0V9GX24	A0A0V9GX24
A0A0V9GX24	A0A0K2G4Z6
A0A0H3MCD1	A0A0H3MCD1
K9X8U2	K9X8U2
A0A142JBV9	A0A142JBV9
Q02R25	Q02R25
Q02R25	A0A0P8R3S5
Q02R25	A0A0N2BIP6
Q02R25	D8A5L2
G7N2L9	G7N2L9
A3U3S8	A3U3S8
A0A101EU10	A0A101EU10
A0A0E1U7T6	A0A0E1U7T6
A0A0A2B4D8	A0A0A2B4D8
A0A0A2B4D8	P49557
B0BAT9	B0BAT9
L7CMD4	L7CMD4
A8MAA3	A8MAA3
Q77FQ6	Q77FQ6
W6GEY9	W6GEY9
A0A0U1D4J2	A0A0U1D4J2
A0A067K964	A0A067K964
Q96T75	Q96T75
D4I5R8	D4I5R8
A0A067DAA9	A0A067DAA9
A0A067DAA9	K7VDI6
Q6R9M2	Q6R9M2
B3E610	B3E610
B3E610	Q5SH03
A0A0A1WCK4	A0A0A1WCK4
A0A0A1WCK4	F8RTZ7
A0A0A1WCK4	E9JGB2
B9EGG9	B9EGG9
H0W3H1	H0W3H1
V5L3H4	V5L3H4
A0A0E0CRP0	A0A0E0CRP0
A0A0E0CRP0	A0A0E0L9F6
A0A0R1P9F1	A0A0R1P9F1
A0A0R1P9F1	D8FP07
A0A0S7DWL4	A0A0S7DWL4
F7DJS1	F7DJS1
R9HCZ3	R9HCZ3
F0NK76	F0NK76
K5C7M6	K5C7M6
M1A3B8	M1A3B8
M1A3B8	V4KY51
I6MRF3	I6MRF3
A9Q1G8	A9Q1G8
A9Q1G8	Q71VM1
A0A101FHX2	A0A101FHX2
F6VDX9	F6VDX9
A4Q8E5	A4Q8E5
A0A0H3LCF8	A0A0H3LCF8
M2RKS9	M2RKS9
M2RKS9	S6GAS6
M2RKS9	A0A0B7J5R9
M2RKS9	L0X2S2
Q64EV9	Q64EV9
Q64EV9	B4HGE0
Q9R6B8	Q9R6B8
A0A059BZ50	A0A059BZ50
A0A078D3E1	A0A078D3E1
A0A0Q1A8D6	A0A0Q1A8D6
A0A0A2DN30	A0A0A2DN30
E1WZB5	E1WZB5
O55469	O55469
A0A0F7JPR7	A0A0F7JPR7
A0A0F7JPR7	G8NBD9
A0A0E1AKQ1	A0A0E1AKQ1
U7T975	U7T975
G7VDZ7	G7VDZ7
A0A141HUS2	A0A141HUS2
A0A088E357	A0A088E357
A0A088E357	D2PC58
A0A088E357	C3NHC2
L0HCN9	L0HCN9
Q773H5	Q773H5
A0A0D3EEM2	A0A0D3EEM2
Q9TRM8	Q9TRM8
Q4T5E1	Q4T5E1
B4S9D0	B4S9D0
B4S9D0	A0A136P3D5
A0A0B6XN17	A0A0B6XN17
Q9ZPW3	Q9ZPW3
Q9ZPW3	A0A087GK75
W5NBZ3	W5NBZ3
W5NBZ3	A2BGT9
W5NBZ3	D2KVR4
A0A0K1HDW5	A0A0K1HDW5
Q6WEE8	Q6WEE8
A0A0C5AZZ7	A0A0C5AZZ7
W8CHK8	W8CHK8
A0A0Q9I588	A0A0Q9I588
A0A0Q9I588	A0A0Q7ECD6
G3GW63	G3GW63
A0A0B8R6Z0	A0A0B8R6Z0
E4QAZ6	E4QAZ6
F8WSV1	F8WSV1
A0A0F3QB63	A0A0F3QB63
A0A0A3ZYZ2	A0A0A3ZYZ2
A0A101DNG0	A0A101DNG0
A0A101DNG0	A0A100XX07
Q65187	Q65187
P61936	P61936
P61936	M1PUH2
F5SQS7	F5SQS7
H0WPB1	H0WPB1
H0WPB1	G3W3K2
K3Z3D3	K3Z3D3
A0A0D3CB17	A0A0D3CB17
Q9Y0Y6	Q9Y0Y6
Q8NEM8	Q8NEM8
A0A068R1H7	A0A068R1H7
W0W876	W0W876
H6N8I7	H6N8I7
E4TD17	E4TD17
E4TD17	F7LUZ5
X7RWW3	X7RWW3
T0VAP3	T0VAP3
B1WBT3	B1WBT3
H3G6J5	H3G6J5
M3HEA5	M3HEA5
M3HEA5	A0A0A3EIA8
M3HEA5	A0A0A4DIK4
L2FA70	L2FA70
A0A0C5WQD6	A0A0C5WQD6
V4AMZ6	V4AMZ6
A0A0A3E922	A0A0A3E922
A6UWK8	A6UWK8
A6UWK8	F8ANH6
M4FFP3	M4FFP3
A0A109NWT2	A0A109NWT2
B4L3T2	B4L3T2
A0A0B6WWB3	A0A0B6WWB3
A2RG55	A2RG55
H8KBE2	H8KBE2
X0QQ55	X0QQ55
X0QQ55	X0QQP3
A0A0A1E3E6	A0A0A1E3E6
Q7V3M6	Q7V3M6
R0HZ16	R0HZ16
Q9R470	Q9R470
B9N1X6	B9N1X6
Q5FHG7	Q5FHG7
H0VKN5	H0VKN5
H0VKN5	D3ZKH1
J5CC39	J5CC39
J5CC39	E2YTH6
J5CC39	A0A0Y7H793
G3V6J3	G3V6J3
P03185	P03185
P03185	Q3KSV1
A0A0H5QEG4	A0A0H5QEG4
A0A0H5QEG4	A0A0Y6E087
A0A0H5QEG4	A0A0R2TAR1
A0A0A6IE43	A0A0A6IE43
A0A0A6IE43	A0A0A6JUD2
A0A096NKQ4	A0A096NKQ4
Q933Q0	Q933Q0
A0A077VGC5	A0A077VGC5
A0A0D2ZPH8	A0A0D2ZPH8
A0A0D3D7I6	A0A0D3D7I6
A0A0D3D7I6	Q38913
A0A0D3D7I6	M4CHL6
A0A0J1BII4	A0A0J1BII4
A0A0G2T737	A0A0G2T737
R4RWW7	R4RWW7
B3MC21	B3MC21
W0VSF1	W0VSF1
Q9VRP5	Q9VRP5
A0A0K2W8M1	A0A0K2W8M1
A0A0K2W8M1	A0A0K2W7Z8
A0A0K2W8M1	A0A0K2W806
H8FF80	H8FF80
R0FVN9	R0FVN9
A0A0G7ZPA0	A0A0G7ZPA0
A0A0G7ZPA0	B1G1W0
A0A0G7ZPA0	A0A0L0MIQ8
Q8P8V6	Q8P8V6
Q8P8V6	A0A0L7IC57
A0A0A6LQ79	A0A0A6LQ79
A0A0A6LQ79	A0A0A3D2Q4
A0A0F6VXG7	A0A0F6VXG7
S9TDJ8	S9TDJ8
A0A0A2CL58	A0A0A2CL58
S5YWQ7	S5YWQ7
F8AMZ8	F8AMZ8
W5QKP2	W5QKP2
W5QKP2	S4UJN1
R0UAW3	R0UAW3
Q96LR7	Q96LR7
Q1G4W4	Q1G4W4
Q7VR40	Q7VR40
B9KRS1	B9KRS1
Q76SA2	Q76SA2
Q76SA2	P90468
G3RFB7	G3RFB7
B4GZ07	B4GZ07
A0A085ADK2	A0A085ADK2
A0A085ADK2	K7P6H5
Q75BI6	Q75BI6
E3VZL7	E3VZL7
E3VZL7	W6GJU2
A0A0D4IU00	A0A0D4IU00
A0A0D4IU00	A0A0D4IRI7
A0A0D4IU00	A0A0D4S2A2
A0A0D4IU00	A0A0D4RVC2
W5L149	W5L149
A0A0L8QDP8	A0A0L8QDP8
A0A078EAH4	A0A078EAH4
A0A090N9T6	A0A090N9T6
R0KHF1	R0KHF1
I6WNG7	I6WNG7
C7P5L8	C7P5L8
A0A089P6I3	A0A089P6I3
A0A089P6I3	A0A0J6V741
H8K4S9	H8K4S9
H8K4S9	A0A0B7J4U8
B5BNK6	B5BNK6
E4MWI4	E4MWI4
E4MWI4	A0A0D3A167
A0A068C6Q4	A0A068C6Q4
A0A0B2P4V4	A0A0B2P4V4
V5L2X3	V5L2X3
M4E0S7	M4E0S7
A0A0G2K2L1	A0A0G2K2L1
G3SB77	G3SB77
G3SB77	G1SVP9
A0A0C5BPV1	A0A0C5BPV1
G1QWL1	G1QWL1
Q47860	Q47860
G3B1D1	G3B1D1
A3AFM2	A3AFM2
Q9PPU6	Q9PPU6
H2R457	H2R457
A0A0E3SVB2	A0A0E3SVB2
A0A0E3SVB2	M9PQH1
Q5A5U4	Q5A5U4
Q5A5U4	C4YH53
A0A0E0DGB1	A0A0E0DGB1
A0A0E0DGB1	C5WYB9
A0A0E0DGB1	W5A1H0
A0A0E0DGB1	A0A0Q3GRN4
A0A085TD37	A0A085TD37
A0A0K2SR53	A0A0K2SR53
P0C717	P0C717
A0A0M3DL49	A0A0M3DL49
P83619	P83619
A0A0B5ZKS3	A0A0B5ZKS3
A0A0M3QFP6	A0A0M3QFP6
A0A0U4CXY5	A0A0U4CXY5
H0S6G5	H0S6G5
H0S6G5	P22537
E0WM45	E0WM45
A0A0B2UH67	A0A0B2UH67
A0A078GN46	A0A078GN46
G0TLR7	G0TLR7
S7PWU9	S7PWU9
V4JXX0	V4JXX0
V4JXX0	R0IJD4
A0A0H4BHF8	A0A0H4BHF8
A0A077FNK3	A0A077FNK3
A0A0E0BRY3	A0A0E0BRY3
A0A0E0BRY3	F2EH81
A0A0E0BRY3	A0A096T877
W4YJX5	W4YJX5
W4YJX5	A7RJM2
A0A126LB19	A0A126LB19
S8DI59	S8DI59
W8KHW2	W8KHW2
E3MKS1	E3MKS1
M1QQA4	M1QQA4
V8PCZ3	V8PCZ3
A0A0A0MPT7	A0A0A0MPT7
G3S285	G3S285
G3S285	E0Z3E7
G3S285	G7PE33
D1MF37	D1MF37
K1RCS4	K1RCS4
A0A0D9YVP6	A0A0D9YVP6
Q971M5	Q971M5
A0A0A6I972	A0A0A6I972
Q9C518	Q9C518
A0A087GX07	A0A087GX07
B3M9Q3	B3M9Q3
A0A0D0UMY7	A0A0D0UMY7
A0A0D0UMY7	A0A0D0YFR6
A1DEC4	A1DEC4
A1DEC4	B8NW32
A3YWN9	A3YWN9
H8LNT9	H8LNT9
H8LNT9	H6PUX5
Q8B9N5	Q8B9N5
P12964	P12964
F7IHK9	F7IHK9
F7IHK9	F7IHJ1
H0W7S3	H0W7S3
H0W7S3	A0A0G2JT76
G3V9B0	G3V9B0
E3LT12	E3LT12
A0A126LB12	A0A126LB12
A0A0U0DUP1	A0A0U0DUP1
W2CDM8	W2CDM8
O51142	O51142
O51142	A1QYR4
A0A109N1W3	A0A109N1W3
F2XFA0	F2XFA0
F2XFA0	A0A0G7ZP18
E3MC39	E3MC39
I3SXH4	I3SXH4
A0A0A4A7B6	A0A0A4A7B6
A0A0E9DJ01	A0A0E9DJ01
A0A0V1HI09	A0A0V1HI09
E8R859	E8R859
P04375	P04375
M1I1K2	M1I1K2
G1M3C8	G1M3C8
G1M3C8	A0A024R183
W9E8L1	W9E8L1
G6DEK0	G6DEK0
G6DEK0	P14663
G6DEK0	A4PBJ7
V5RIB1	V5RIB1
F1QUF7	F1QUF7
F1QUF7	B3S1H2
U6E270	U6E270
D7KYE9	D7KYE9
A0A0F6IDI9	A0A0F6IDI9
A0A0F6IDI9	A0A0E2CD54
J7FGI3	J7FGI3
J7FGI3	J7FHC2
A0A0R5EBP8	A0A0R5EBP8
A0A109SZB5	A0A109SZB5
A0A0E1WB73	A0A0E1WB73
Q31CL4	Q31CL4
Q31CL4	A0A076GYJ2
A0A0D3SWF2	A0A0D3SWF2
A0A0D3SWF2	A0A0C6BEY2
F7AS54	F7AS54
A0A096MZU8	A0A096MZU8
A0A096MZU8	G3RH56
V1DF68	V1DF68
T1E709	T1E709
T1E709	V8NXA5
W5NPT7	W5NPT7
W5NPT7	K7GNI7
W5NPT7	G5ARP6
A0A093W3V1	A0A093W3V1
A0A093W3V1	A0A127S4A4
R9US76	R9US76
A0A066Z2Z7	A0A066Z2Z7
M5XC77	M5XC77
D5LXC5	D5LXC5
A0A125X853	A0A125X853
A0A125X853	I6H958
B0BVN5	B0BVN5
B0BVN5	A0A0F3MT35
E1B9W1	E1B9W1
E1B9W1	H0W992
B8G2Z2	B8G2Z2
B2D8M9	B2D8M9
B2D8M9	B9ZWI9
A0A0P0JF21	A0A0P0JF21
W5SDB5	W5SDB5
W5SDB5	D6RXX6
W5SDB5	W5SHD2
A3M090	A3M090
A3M090	A0A0A3ZQ77
A3M090	A0A0A6NDU6
A0A023MHL0	A0A023MHL0
B4II33	B4II33
B4II33	B4NYV4
L5L6X6	L5L6X6
L5L6X6	F7HI84
L5L6X6	I3MXM9
B7IF24	B7IF24
B7IF24	A0A0Q0WFB7
D3YT50	D3YT50
D3YT50	I6NEJ4
W1NJE3	W1NJE3
M6A0J1	M6A0J1
A0A0T9MEM2	A0A0T9MEM2
W6MQV2	W6MQV2
A0A060Q1D5	A0A060Q1D5
B9B9F8	B9B9F8
B9B9F8	J7WWK9
A0A0D3CH91	A0A0D3CH91
A0A0D3CH91	A0A078GI48
V4LJ45	V4LJ45
G0S4T0	G0S4T0
G0S4T0	G2RAN1
A0A0R0ID20	A0A0R0ID20
A0A0L1PN07	A0A0L1PN07
Q5R5X3	Q5R5X3
A0A0N5BIF8	A0A0N5BIF8
W5HXC2	W5HXC2
G2NH03	G2NH03
A6DB27	A6DB27
O32476	O32476
Q6SCM7	Q6SCM7
H2PVH6	H2PVH6
D7MSP4	D7MSP4
S7JX35	S7JX35
A0A0D3UFN7	A0A0D3UFN7
B4KXK9	B4KXK9
H0XEK4	H0XEK4
H0XEK4	F6PMZ7
O83604	O83604
Q9DPQ5	Q9DPQ5
A0A0B7N5I7	A0A0B7N5I7
R0IQV8	R0IQV8
Q1CRK3	Q1CRK3
A0A0F3QDX8	A0A0F3QDX8
A0A0N8JV97	A0A0N8JV97
A2VV06	A2VV06
A0A0C5B2H1	A0A0C5B2H1
P0C7W1	P0C7W1
F3YYH6	F3YYH6
F3YYH6	D6SLP6
A0A0H3MB02	A0A0H3MB02
V4M8E8	V4M8E8
V4M8E8	A0A0S3RQZ5
A4QB65	A4QB65
C6TJQ4	C6TJQ4
L5KK75	L5KK75
K1A8T8	K1A8T8
T0TMF7	T0TMF7
K4FC51	K4FC51
H2S4U5	H2S4U5
N1JMG1	N1JMG1
Q0SNS8	Q0SNS8
A0A0K1RN35	A0A0K1RN35
P0CY62	P0CY62
D7U0Y9	D7U0Y9
S9W7C2	S9W7C2
A0A063CY22	A0A063CY22
W4UM36	W4UM36
A0A022Q764	A0A022Q764
A0A0A6K110	A0A0A6K110
A0A101BJN9	A0A101BJN9
A0A101BJN9	W5Y928
A0A0C9PAY0	A0A0C9PAY0
R0HAY9	R0HAY9
F8M2I1	F8M2I1
F8M2I1	A0A0K2HSH9
J4D9Z8	J4D9Z8
G3V9B4	G3V9B4
G4UR82	G4UR82
D7LVD8	D7LVD8
G8LS15	G8LS15
J7GUE5	J7GUE5
Q9Y6M0	Q9Y6M0
Q9Y6M0	I3NB26
Q9Y6M0	E1B7M0
A0A0P7ZAI4	A0A0P7ZAI4
A0A0P7ZAI4	G4F9X8
A0A0P7ZAI4	A0A0F4R5L3
A0A0P7ZAI4	V9X133
A0A0P7ZAI4	A0A126SD38
A0A0P7ZAI4	A0A099CRR9
A0A0D2SWA5	A0A0D2SWA5
A8Y1E7	A8Y1E7
M4E5H9	M4E5H9
A0A0C3HY51	A0A0C3HY51
F5BFG9	F5BFG9
F5BFG9	I3QI44
D5VTL1	D5VTL1
R9H7I5	R9H7I5
E7LZJ3	E7LZJ3
F7GQG1	F7GQG1
A0A091U533	A0A091U533
A0A0W8EAI0	A0A0W8EAI0
D5KXG7	D5KXG7
A0A0M4DCL5	A0A0M4DCL5
A0A0M4DCL5	Q39Q57
B0B8W9	B0B8W9
B0B8W9	A0A0E9CE36
A0A096NMQ8	A0A096NMQ8
A0A0D3B8K7	A0A0D3B8K7
G3IWY8	G3IWY8
Q6M1B0	Q6M1B0
A0A0H3PJW5	A0A0H3PJW5
G3TVD1	G3TVD1
A0A0K1ZUH5	A0A0K1ZUH5
A0A0K1ZUH5	Q8MD62
A0A0K1ZUH5	S6CM34
D4GYH0	D4GYH0
G1S618	G1S618
G8EDI0	G8EDI0
A0A0P6NRG0	A0A0P6NRG0
A0A0M4H5C7	A0A0M4H5C7
G0MEN4	G0MEN4
S3FL75	S3FL75
A0A0G2UEE4	A0A0G2UEE4
A0A0G2UEE4	P16797
A0A0D2WCR5	A0A0D2WCR5
A0A0D2WCR5	A0A0D0XBD1
S7J2V3	S7J2V3
S7J2V3	G4NMI1
Q90XM7	Q90XM7
C0QLA8	C0QLA8
Q1D6I5	Q1D6I5
A0A069XK93	A0A069XK93
W5Q7H3	W5Q7H3
G1LAK9	G1LAK9
G1LAK9	Q6ITT1
G1LAK9	F6WYP0
Q96QB1	Q96QB1
Q96QB1	H2QVS0
B3PLZ2	B3PLZ2
A0A0L1J073	A0A0L1J073
J9JX67	J9JX67
P24778	P24778
C8PSB6	C8PSB6
B1X5P6	B1X5P6
P34502	P34502
A0A075X482	A0A075X482
C3VVN5	C3VVN5
F0IBU1	F0IBU1
F1QZC8	F1QZC8
A0A0E2ZIC3	A0A0E2ZIC3
G1QJC2	G1QJC2
F6QUG6	F6QUG6
A0A0M2Y6W6	A0A0M2Y6W6
A0A077LBP2	A0A077LBP2
A0A0C5V3G9	A0A0C5V3G9
A0A0V9UZ33	A0A0V9UZ33
R0GS57	R0GS57
A0A0J5XPD7	A0A0J5XPD7
A0A0J5XPD7	P68791
A0A0J5XPD7	E3CQW5
A0A0J5XPD7	A0A0G8E5S7
A0A0J5XPD7	W4ELJ0
A0A0J5XPD7	A0A0A2B7K4
O51132	O51132
A0A0S3EL63	A0A0S3EL63
B2D9I0	B2D9I0
A0A067FUE2	A0A067FUE2
D5E4V6	D5E4V6
D5E4V6	A0A0A8E710
D5E4V6	A0A0E9AWE7
A0A0D2L6S6	A0A0D2L6S6
G0YYC3	G0YYC3
Q3B5U7	Q3B5U7
C3NEG4	C3NEG4
B2R7C5	B2R7C5
O06926	O06926
O06926	A0A0V9IQQ3
U5RSF8	U5RSF8
A0A0F3MSP5	A0A0F3MSP5
W0I7A8	W0I7A8
W0I7A8	A0A0P8XCF1
J6CKU1	J6CKU1
X7SER2	X7SER2
A0A0D2KVK9	A0A0D2KVK9
S5M961	S5M961
S5M961	A0A097BWU7
A0A136GV00	A0A136GV00
K4KDF6	K4KDF6
H6PT73	H6PT73
H6PT73	Q4UJN0
A9QB22	A9QB22
A9QB22	M1IA49
A0A076LJ80	A0A076LJ80
A0A0E3NBU4	A0A0E3NBU4
A0A0E3NBU4	Q46A32
A0A0E3NBU4	D5E9D0
J7HX75	J7HX75
B1KCX5	B1KCX5
B1KCX5	Q0I0U6
E3LDU6	E3LDU6
Q252N9	Q252N9
D7H5X5	D7H5X5
E5RTV4	E5RTV4
F2B0J7	F2B0J7
F6TBN7	F6TBN7
A0A124FFW3	A0A124FFW3
B6YSM2	B6YSM2
B6YSM2	A0A0Q2M2R8
B6YSM2	I6V1C8
M9WT30	M9WT30
Q02R92	Q02R92
Q02R92	Q9HY08
Q02R92	A6V1G8
B2D9W0	B2D9W0
G3FCK1	G3FCK1
G3FCK1	D7LCI3
I3N753	I3N753
A0A0P7I1H7	A0A0P7I1H7
A0A0D9VQT5	A0A0D9VQT5
A0A0E0C752	A0A0E0C752
A0A0E0C752	B8AW54
B4J5N1	B4J5N1
A0A0X3WNX8	A0A0X3WNX8
A0A0Z8MJE9	A0A0Z8MJE9
A0A0Z8MJE9	A0A0V8CXA7
A0A024L7L5	A0A024L7L5
A0A024L7L5	A0A154RJW7
A0A024L7L5	A0A0G9LUW0
A0A024L7L5	A0A0H3Z0N1
C4LX40	C4LX40
Q9SX27	Q9SX27
Q9SX27	M1AZL0
F0SPV2	F0SPV2
B5A8N7	B5A8N7
Q2U5A2	Q2U5A2
K0EEG3	K0EEG3
K0EEG3	A0A075NSW9
P82020	P82020
E2IL42	E2IL42
J0DKI8	J0DKI8
A0A0B2PVC7	A0A0B2PVC7
A0A0B2PVC7	A0A087GQ37
Q7KV18	Q7KV18
A0A0H3TQF3	A0A0H3TQF3
M2RKL4	M2RKL4
B9W4U1	B9W4U1
B9W4U1	Q0WX03
A0A0K9UU04	A0A0K9UU04
A0A0H3BI32	A0A0H3BI32
I1L5S5	I1L5S5
I1L5S5	D7KII6
I1L5S5	A0A072VN49
Q9EXD7	Q9EXD7
A0A143VPI5	A0A143VPI5
W5SU59	W5SU59
W5SU59	W6U099
A0A0D3AUG9	A0A0D3AUG9
Q8JK67	Q8JK67
G7P8K2	G7P8K2
G7P8K2	G1Q8G0
G7P8K2	Q6NTS7
D7MHX6	D7MHX6
A0A118JUP9	A0A118JUP9
C7EYX1	C7EYX1
A0A0B5EP38	A0A0B5EP38
I7LN43	I7LN43
P9WJQ1	P9WJQ1
M5WQC5	M5WQC5
M5WQC5	D7KBR0
M5WQC5	W9RET2
A4ZPI9	A4ZPI9
M7BFD0	M7BFD0
A0A141SF48	A0A141SF48
M3ZZP0	M3ZZP0
A0A0N7CQQ0	A0A0N7CQQ0
Q9BQE5	Q9BQE5
A0A0Q9P2E2	A0A0Q9P2E2
A0A0Q9P2E2	A0A154R602
A0A0A4AFR5	A0A0A4AFR5
Q38LU6	Q38LU6
Q5GRQ2	Q5GRQ2
Q5GRQ2	A0A0P6NNB1
C7TDN3	C7TDN3
C7TDN3	S2QMS1
A9JLE0	A9JLE0
K9IY30	K9IY30
K9IY30	I3LDE8
A0A0D8XGV2	A0A0D8XGV2
S8PYZ9	S8PYZ9
A0A120D6X8	A0A120D6X8
A0A120D6X8	A0A0G4C050
A0A120D6X8	A0A120DUA7
A0A120D6X8	A0A0S4WCV7
P68578	P68578
A0A096N0H6	A0A096N0H6
A0A096N0H6	A0A0D9RSW1
A0A096N0H6	H2QI65
A0A096N0H6	H2QI64
F6HAB7	F6HAB7
B0YES4	B0YES4
A0A0K8U159	A0A0K8U159
A4CSP7	A4CSP7
A8EXI8	A8EXI8
A0A0A3C9E1	A0A0A3C9E1
A0A0A3C9E1	A0A0A4BU01
A0A0A3C9E1	C4YD12
A0A0D4UL65	A0A0D4UL65
A0A0D4UL65	A0A0D4VLI3
D2KI26	D2KI26
H2QE13	H2QE13
W5FBJ8	W5FBJ8
B2DB79	B2DB79
Q33DV2	Q33DV2
Q9QAR4	Q9QAR4
Q3Z973	Q3Z973
Q3AK21	Q3AK21
A0A0N0M9L4	A0A0N0M9L4
V4KBS8	V4KBS8
P0AD77	P0AD77
P0AD77	A0A0P7ZTD0
Q914K8	Q914K8
B4P0I1	B4P0I1
D7XPH0	D7XPH0
D7XPH0	M9FKY4
R9USL8	R9USL8
Q6CLI2	Q6CLI2
A0A068JS85	A0A068JS85
D5AXN4	D5AXN4
I6MRG5	I6MRG5
R4G8C6	R4G8C6
F0RJD5	F0RJD5
A3D7B5	A3D7B5
Y1QK62	Y1QK62
S6FWP9	S6FWP9
A0A0D9W6P1	A0A0D9W6P1
A0A0S2LNM9	A0A0S2LNM9
A0A0U5FQ44	A0A0U5FQ44
B1VAR1	B1VAR1
A5B8W3	A5B8W3
A5B8W3	B9MVM4
T2F702	T2F702
Q7R762	Q7R762
Q2LR80	Q2LR80
A0A0F2LCV1	A0A0F2LCV1
A0A101X1Q9	A0A101X1Q9
A0A101X1Q9	A1RSE3
B9VXQ9	B9VXQ9
B9VXQ9	Q6RXD4
B9VXQ9	A0A126NBK9
Q01881	Q01881
Q01881	A2YJG2
A0A0D3D5I2	A0A0D3D5I2
A0A0D3D5I2	M1BG17
A0A0D2V878	A0A0D2V878
P46863	P46863
A0A087H9A2	A0A087H9A2
I3L1A0	I3L1A0
A4YID7	A4YID7
D6PNA0	D6PNA0
A0A088A1D0	A0A088A1D0
A0A076LH93	A0A076LH93
A0A076LH93	P54059
G1PQS2	G1PQS2
A0A091G9E6	A0A091G9E6
Q4PH16	Q4PH16
Q4PH16	A0A060SPZ0
B3NZT7	B3NZT7
A0A0S2SDL0	A0A0S2SDL0
G1TUR6	G1TUR6
B7ZWI3	B7ZWI3
T1Y671	T1Y671
A3D3H0	A3D3H0
P27744	P27744
H5T0V7	H5T0V7
H5T0V7	A0A084AD51
E1X949	E1X949
A0A0T0MMX7	A0A0T0MMX7
A0A0Q4N977	A0A0Q4N977
A0A0G2JU53	A0A0G2JU53
A0A0H3RCX0	A0A0H3RCX0
A0A0H3RCX0	F3INH7
A0A0H3RCX0	A0A0Q0CJT2
A0A133QRC7	A0A133QRC7
A0A016X3Q7	A0A016X3Q7
B4MYN5	B4MYN5
A1RT54	A1RT54
N6ZVX7	N6ZVX7
A0A088SAS4	A0A088SAS4
A0A0L9U823	A0A0L9U823
A0A087FXB6	A0A087FXB6
A0A087FXB6	A0A0D3DVP9
A0A087FXB6	R0FV26
A0A087FXB6	R0HJN6
E9S3K3	E9S3K3
E9S3K3	H6KTE5
A0A097I4I4	A0A097I4I4
Q8K9K9	Q8K9K9
G9FU16	G9FU16
Q9R6X3	Q9R6X3
Q9R6X3	K9XHN1
G1M2K0	G1M2K0
G1M2K0	F1LQ46
W5ABN0	W5ABN0
A0A067KIM3	A0A067KIM3
F7F8J7	F7F8J7
B4UHF2	B4UHF2
B4UHF2	Q1NRT9
B4UHF2	A0A126QPQ2
M4ERP0	M4ERP0
M4ERP0	A0A0D3AAI5
A0A059APK5	A0A059APK5
A4CU84	A4CU84
A4CU84	A5GTK9
A4CU84	Q3AKE0
A4CU84	Q7VCH7
A4CU84	A0A0A2BEY0
W5P8T9	W5P8T9
G5EKG4	G5EKG4
G5EKG4	Q5IL09
A0A016RU64	A0A016RU64
A0A016RU64	A0A0D8Y1M4
A0A076JXN1	A0A076JXN1
A0A076JXN1	I1V8F5
E1KYP0	E1KYP0
Q0WLK6	Q0WLK6
A0A097J4U7	A0A097J4U7
D5J9N8	D5J9N8
D5J9N8	P79688
M0RWB3	M0RWB3
F6UG14	F6UG14
Q6BDJ0	Q6BDJ0
Q6BDJ0	Q6YP16
Q6BDJ0	O63070
Q6BDJ0	Q3ZM99
Q6BDJ0	Q8HQS6
Q6BDJ0	C3W1Q9
Q6BDJ0	G8IW59
Q6BDJ0	B1PZY3
Q6BDJ0	J3JRP9
G1QK30	G1QK30
A0A0R2H0A4	A0A0R2H0A4
H6QDB1	H6QDB1
H6QDB1	G4RLR3
Q92KX6	Q92KX6
C5DED1	C5DED1
P57502	P57502
A0A0U3E709	A0A0U3E709
A0A0A1WL67	A0A0A1WL67
A0A135HJN8	A0A135HJN8
A0A135HJN8	Q63VX7
A0A0E0UL57	A0A0E0UL57
A0A0E0UL57	H0G5E3
A0A093BKS1	A0A093BKS1
X0QMP2	X0QMP2
X0QMP2	Q9PH22
A0A022PRH9	A0A022PRH9
A0A0P0HMG1	A0A0P0HMG1
K6S020	K6S020
K6S020	D0R5D6
K6S020	A0A0D1JLB3
K6S020	A0A149WNV9
K6S020	Q71ZA9
K6S020	A0A0H1XXU4
S5ACL6	S5ACL6
Q8D335	Q8D335
K4A8C3	K4A8C3
K4A8C3	A0A061DIJ7
A0A0D9RHX4	A0A0D9RHX4
A0A0D9RHX4	S7MX34
M9U7W5	M9U7W5
W5Q2H8	W5Q2H8
W5Q2H8	F1LUG2
A0A0A6MUZ3	A0A0A6MUZ3
Q3ATA7	Q3ATA7
Q1C557	Q1C557
Q1C557	C2LI48
Q1C557	A0A058YQG1
Q1C557	A0A0L1LF06
Q1C557	U5A3H9
Q1C557	A3D1V4
Q2MGR4	Q2MGR4
A0A154RCF4	A0A154RCF4
A0A154RCF4	A0A153TH63
C3MKL6	C3MKL6
A0A023HBB9	A0A023HBB9
G6FD26	G6FD26
A8X4J3	A8X4J3
X2FHU5	X2FHU5
X2FHU5	P89443
X2FHU5	A0A0B5EDR8
E3LDH5	E3LDH5
H2R6L7	H2R6L7
G0XUY6	G0XUY6
K7BCS1	K7BCS1
V5L3B9	V5L3B9
V5L3B9	G8EDN5
A0A0F2LCX5	A0A0F2LCX5
O26346	O26346
E8UAX4	E8UAX4
G7MRN7	G7MRN7
I4CF32	I4CF32
A9PHW8	A9PHW8
A9PHW8	A0A0J8BIH8
A0A0A1DXX9	A0A0A1DXX9
A0A0A1DXX9	A9JLS7
A0A0F7ZBQ9	A0A0F7ZBQ9
A0A0F7ZBQ9	A0A091PJI8
G3H2Y4	G3H2Y4
V7V147	V7V147
A0A0A3X094	A0A0A3X094
E5Y6I1	E5Y6I1
E5Y6I1	Q1MP37
G2PY58	G2PY58
A9JL49	A9JL49
A0RMD6	A0RMD6
L5KNV6	L5KNV6
L5KNV6	H2Q3V0
Q59I51	Q59I51
Q59I51	A0A076JXL7
A0A0J8RR67	A0A0J8RR67
A0A0J8RR67	Q5BDP1
A0A0M9FCB9	A0A0M9FCB9
Q6AZ53	Q6AZ53
A0A078FLM0	A0A078FLM0
Q5DU28	Q5DU28
Q5DU28	I3L5P5
Q5DU28	I3MRQ9
V9PUK8	V9PUK8
V9PUK8	A0A0G2TK79
G5BD63	G5BD63
G5BD63	Q6NVF8
G5BD63	A0A0A0AMK1
G5BD63	A0A093P421
G5BD63	A0A087QV51
G0P7K4	G0P7K4
B4UIK8	B4UIK8
B7VF11	B7VF11
B7VF11	A0A152TBQ6
F7H3X6	F7H3X6
F7H3X6	Q52L87
I0R410	I0R410
R1EES0	R1EES0
A0A024WTL6	A0A024WTL6
C8CG01	C8CG01
C8CG01	A0A0G2U705
C8CG01	V9PU73
D7L191	D7L191
D7L191	D7MYB8
N8QA05	N8QA05
H6KT28	H6KT28
M4FDF2	M4FDF2
L0HIJ3	L0HIJ3
U2F8Q1	U2F8Q1
U2F8Q1	G9QSK3
E7DVU0	E7DVU0
A0A061HVF5	A0A061HVF5
A0A061HVF5	S9WBU5
A0A061HVF5	A0A091DHV7
A0A061HVF5	L5MIV6
C3NGG9	C3NGG9
A0A0M4MJ81	A0A0M4MJ81
A0A0M4MJ81	A0A062IR86
A0A0M4MJ81	A0A091AWX1
A0A0M4MJ81	C2LFG7
A0A0M4MJ81	A0A120G5B7
A0A0M4MJ81	A4SMA4
A0A0M4MJ81	B1ENM1
U3K2G5	U3K2G5
C5A4E9	C5A4E9
A2R788	A2R788
A2R788	V5GEN1
A8URN8	A8URN8
A0A0D0JDI9	A0A0D0JDI9
A0A0D0JDI9	A1TXH7
I9KS24	I9KS24
I9KS24	M8CV96
M7YV85	M7YV85
M1YQM6	M1YQM6
U5NHJ3	U5NHJ3
U5NHJ3	I3PMM6
U5NHJ3	E9KL98
U5NHJ3	Q9QM79
G3SK96	G3SK96
W7EAZ7	W7EAZ7
W7EAZ7	R0I8Z5
D7SQ23	D7SQ23
P33515	P33515
Q5GTS5	Q5GTS5
Q821X8	Q821X8
F6ZQU2	F6ZQU2
F6ZQU2	L9JDX1
Q6TVI2	Q6TVI2
A8MJ41	A8MJ41
Q3YRL7	Q3YRL7
A0A0B1S796	A0A0B1S796
Q6R7F0	Q6R7F0
A0A0U2RI50	A0A0U2RI50
A0A0C6C3N4	A0A0C6C3N4
I2HS92	I2HS92
A0A0C5AZX0	A0A0C5AZX0
A0A0V0IC96	A0A0V0IC96
A0A0V0IC96	K7MPZ2
Q8ECR0	Q8ECR0
A1BJY0	A1BJY0
A1BJY0	B4SHE6
A0A0M9AFI1	A0A0M9AFI1
A0A0A4CRW8	A0A0A4CRW8
B3XV96	B3XV96
R0H0Q5	R0H0Q5
R0H0Q5	F2D6Y8
G3RZY4	G3RZY4
A7ND27	A7ND27
A0A0P9D704	A0A0P9D704
H0UL96	H0UL96
H0UL96	A0A0M8K560
A0A0G4E0Y7	A0A0G4E0Y7
U5KK41	U5KK41
I3RDC9	I3RDC9
A0A093E2U7	A0A093E2U7
K0GHC0	K0GHC0
G3BAI1	G3BAI1
P86852	P86852
D7KGC9	D7KGC9
A0A0S3NTH2	A0A0S3NTH2
A0A0S3NTH2	A0A0S3NTZ1
A0A0C3A436	A0A0C3A436
D7L986	D7L986
Q326S5	Q326S5
Q326S5	F5P4K3
W5NYM5	W5NYM5
W5NYM5	G3R6R0
E3M6B9	E3M6B9
A0A0A7DNJ7	A0A0A7DNJ7
B4K604	B4K604
F6CXD3	F6CXD3
D7GBG3	D7GBG3
D7GBG3	Q3T8Q3
D7GBG3	Q6QHE0
D7GBG3	Q8MCV7
F6SH25	F6SH25
F6SH25	A0A0P7UKK5
Q8BTM9	Q8BTM9
Q8BTM9	L8HTS0
Q8BTM9	S9X9V3
Q7U4C6	Q7U4C6
Q7U4C6	Q7V4Z5
Q7U4C6	A0A0Q0QQW5
C8RSE4	C8RSE4
C8RSE4	A0A0F5X9P5
C8RSE4	U4SRU7
C8RSE4	I2QSB0
C8RSE4	A0A0L7JEU3
C8RSE4	F0BK70
C8RSE4	I4LT42
A0A0A6LX37	A0A0A6LX37
A0A101FV10	A0A101FV10
V4SB33	V4SB33
V4SB33	B9IJG8
C5M2L0	C5M2L0
W8JR36	W8JR36
W8JR36	B0B7M6
M6W2H4	M6W2H4
C3MZB5	C3MZB5
A4H238	A4H238
H2W9F4	H2W9F4
A4SCK3	A4SCK3
E6ZUI2	E6ZUI2
Q9PQZ4	Q9PQZ4
B4J605	B4J605
B4J605	B4JI67
C3U1R8	C3U1R8
A0A0A3E2J7	A0A0A3E2J7
A0A0A3E2J7	A0A0A3E6S4
T1UL18	T1UL18
A0A0F3MSH6	A0A0F3MSH6
A0A0F3MSH6	A0A0F3PGF4
G0ZLF9	G0ZLF9
A0A0A2BG78	A0A0A2BG78
A0A0A2BG78	Q46JR6
A0A0K9TJL6	A0A0K9TJL6
H2NVG1	H2NVG1
S7TB23	S7TB23
A0A061GPP0	A0A061GPP0
H2QXV0	H2QXV0
H2QXV0	G1MT94
H2QXV0	A0A0B8RSB9
H2QXV0	I3LZZ3
H2QXV0	H2RUQ0
H2QXV0	H2RUQ1
H2QXV0	H0WRX6
Q16VX6	Q16VX6
Q16VX6	J3JWF8
Q58372	Q58372
A0A0G4E470	A0A0G4E470
Q8TAD2	Q8TAD2
A8Z4N9	A8Z4N9
Q9E8I8	Q9E8I8
Q9E8I8	I7EN96
Q9E8I8	D6NGF7
A0A087HA14	A0A087HA14
A0A087HA14	A0A078G469
A0A126GVV5	A0A126GVV5
A0A091E5U8	A0A091E5U8
A0A017RWR1	A0A017RWR1
A0A143DK88	A0A143DK88
A0A143DK88	N9W214
A0A143DK88	A0A0T9SY47
A0A143DK88	V7DHT0
A0A143DK88	E8XFQ0
A0A143DK88	A0A0J6CZV0
A0A143DK88	K5CJQ0
A0A143DK88	A0A0H3HJ81
A0A143DK88	A0A0H2XC16
A0A143DK88	C4KXA4
A0A143DK88	J8T9N1
Q9ZEB9	Q9ZEB9
A0A0X8JJK2	A0A0X8JJK2
F7CJA3	F7CJA3
A0A078DDV0	A0A078DDV0
Q72BR1	Q72BR1
P75286	P75286
F0NPX1	F0NPX1
A9XI35	A9XI35
F9N1I0	F9N1I0
M0RU03	M0RU03
U5YS56	U5YS56
U5YS56	A0A0X8YI83
U5YS56	A0A0C7TBH6
B0BCK1	B0BCK1
B0BCK1	Q198W3
V4RXR7	V4RXR7
V4RXR7	A0A151SCT4
A6VGB1	A6VGB1
Q3JSA6	Q3JSA6
A0A0K6H7M6	A0A0K6H7M6
A0A0F6IFC8	A0A0F6IFC8
A0A0N6YPL3	A0A0N6YPL3
A0A0N6YPL3	S6CLR3
A2BXZ2	A2BXZ2
B1RYJ3	B1RYJ3
M1IWH9	M1IWH9
Q2HR63	Q2HR63
K4PXP2	K4PXP2
K4PXP2	K4Q306
K4PXP2	K4PW25
K4PXP2	K4PWX8
A0A0D3WL49	A0A0D3WL49
B9I9J7	B9I9J7
A4TYH5	A4TYH5
K3XDV2	K3XDV2
A0A0A3EET7	A0A0A3EET7
A0A0A3EET7	A0A0A4B4L1
B3NZT8	B3NZT8
A0A0C2GEJ4	A0A0C2GEJ4
E3TGZ7	E3TGZ7
H2PWY6	H2PWY6
B1R3P4	B1R3P4
A0A0D3CE93	A0A0D3CE93
A0A076LCE2	A0A076LCE2
O69062	O69062
I1NEX8	I1NEX8
A0A022Q463	A0A022Q463
Q9LHZ4	Q9LHZ4
A0A0A8LB72	A0A0A8LB72
A0A117MB39	A0A117MB39
A0A091IZ35	A0A091IZ35
W5ME47	W5ME47
G4NNV3	G4NNV3
A7TBS3	A7TBS3
G0H3N8	G0H3N8
A0A0C1TRU2	A0A0C1TRU2
P9WL12	P9WL12
Q70LP2	Q70LP2
E3LN06	E3LN06
H2P2A1	H2P2A1
F1P181	F1P181
A0A0G2JRT3	A0A0G2JRT3
A0A0G2JRT3	J3QL27
A0A0D1KZ57	A0A0D1KZ57
B0M2U6	B0M2U6
A0A0C9M938	A0A0C9M938
A0A0C9M938	Q9Y7Q6
A0A0P1M1T6	A0A0P1M1T6
B3IUA8	B3IUA8
A0A0D0URR3	A0A0D0URR3
H3AD33	H3AD33
H3AD33	A0A091GFR5
A0A0A4E7B7	A0A0A4E7B7
A0A0A4E7B7	A0A077S381
A0A0A4E7B7	A0A0T8KW81
B5BPZ7	B5BPZ7
A0A088FW13	A0A088FW13
A0A088FW13	A0A023ZUK1
A0A088FW13	A0A0M7QEW3
W9EC91	W9EC91
M4ESC2	M4ESC2
E7DVH2	E7DVH2
E7DVH2	V9LM51
E7DVH2	A0A0G2U688
D3VZF2	D3VZF2
D3VZF2	B9A1E2
D3VZF2	D3VZE9
A0A061JDK8	A0A061JDK8
A0A0D3DKU1	A0A0D3DKU1
F0NKY0	F0NKY0
F0NKY0	Q971D5
F0NKY0	C3MJ90
D4LUB6	D4LUB6
A5U3K5	A5U3K5
A8EYA8	A8EYA8
A8EYA8	C3PP12
F9RY75	F9RY75
F9RY75	A0A0M9CXG5
Q2CDK1	Q2CDK1
X8CHC4	X8CHC4
X8CHC4	Q9F407
O80891	O80891
O80891	W8Q3D1
W1PBI8	W1PBI8
D7KX87	D7KX87
A0A0P7WWY0	A0A0P7WWY0
A0A0A3BVN5	A0A0A3BVN5
A0A0A3BVN5	A0A0A6LZD5
J7F9F8	J7F9F8
J7F9F8	F2XFB2
C7G1G6	C7G1G6
C7G1G6	P17935
P02987	P02987
P02987	Q7B9M6
P02987	W8V2T6
A0A158RCM7	A0A158RCM7
F6CL91	F6CL91
F6CL91	A0A0F2PSZ6
Q5CR27	Q5CR27
K3XG98	K3XG98
K3XG98	V4P1A3
A0A0D4VF32	A0A0D4VF32
Q17IE8	Q17IE8
Q17IE8	B0W1D0
D2C7D7	D2C7D7
D2C7D7	A0A0A6QMT2
Q72CH2	Q72CH2
Q72CH2	G1V1M2
A0A0A1XEQ3	A0A0A1XEQ3
A0A0P6P2G2	A0A0P6P2G2
A0A0P6P2G2	I7JB65
A0A0H3BJ68	A0A0H3BJ68
Q5NGY0	Q5NGY0
K3ZQ33	K3ZQ33
K3ZQ33	K3ZQ53
A0A0D4SYK7	A0A0D4SYK7
B6DD21	B6DD21
V4KN84	V4KN84
U3TB81	U3TB81
Q4PRC6	Q4PRC6
F1UIF3	F1UIF3
M8DJR5	M8DJR5
M8DJR5	A0A101D946
M8DJR5	C7IUE8
M8DJR5	B0K0S9
A0A0P7UE74	A0A0P7UE74
A0A0P7UE74	Q8AWH3
A0A0P7UE74	H2T2K7
A0A0P7UE74	H3B631
B7TH00	B7TH00
D7KIM4	D7KIM4
A5G9E3	A5G9E3
Q5NHR3	Q5NHR3
A0A0M3QW88	A0A0M3QW88
E2GD57	E2GD57
A0A0D5M4Q6	A0A0D5M4Q6
Q9Y4B4	Q9Y4B4
B5E853	B5E853
K7Y9Z7	K7Y9Z7
A0A127F2Y5	A0A127F2Y5
F3CJ46	F3CJ46
G0NYJ4	G0NYJ4
G4WWB4	G4WWB4
B1L0B0	B1L0B0
B1L0B0	A0A0P7JMI8
Q556Q0	Q556Q0
Q62467	Q62467
M1JA83	M1JA83
M1JA83	Q4JBL7
P11452	P11452
P11452	A5A5A9
B4KZ01	B4KZ01
Q9ATL2	Q9ATL2
Q06095	Q06095
Q06095	M9TM21
A0A0T2QEI5	A0A0T2QEI5
A0A0T6BNV5	A0A0T6BNV5
H0XG65	H0XG65
H0XG65	U3JKY9
I2BFK1	I2BFK1
I2BFK1	A0A0U2RWN6
J3RPW8	J3RPW8
J3RPW8	H6CST6
A0A0F3QRP7	A0A0F3QRP7
A0A101D961	A0A101D961
T2NAJ5	T2NAJ5
T2NAJ5	A0A0E2LMQ5
W0FSK4	W0FSK4
W0FSK4	A0A140DJ84
W0FSK4	P30026
M4KW32	M4KW32
A7YWM6	A7YWM6
P53508	P53508
P53508	P53509
A0A0C1M9X2	A0A0C1M9X2
A0A0A1XUZ7	A0A0A1XUZ7
A0A044UIW6	A0A044UIW6
A8XL63	A8XL63
A8XL63	G0P8Y1
F8AN26	F8AN26
F8AN26	A0A0X3BIH8
I9H5M5	I9H5M5
M3X2R0	M3X2R0
M3X2R0	L8I9I9
Q9AR88	Q9AR88
C4KHV1	C4KHV1
C4KHV1	C3MQL6
C4KHV1	C3N6D6
A0A0K0FI56	A0A0K0FI56
A0A0K0FI56	J9DZN4
A0A061I7C2	A0A061I7C2
A0A0A2ANZ3	A0A0A2ANZ3
A0A0A8EBT8	A0A0A8EBT8
K7IIA2	K7IIA2
D4FM25	D4FM25
F0ZFC9	F0ZFC9
G8ZN43	G8ZN43
Q73GH3	Q73GH3
Q73GH3	A0A0P6NND9
A0A146WZV6	A0A146WZV6
G3WYG0	G3WYG0
G3WYG0	I3NF34
V9GZC2	V9GZC2
M4FIN4	M4FIN4
M4FIN4	A0A078IZB7
A0A0A0UD52	A0A0A0UD52
A0A0F2R461	A0A0F2R461
C0F918	C0F918
W0NZN1	W0NZN1
B5BSX8	B5BSX8
B5BSX8	Q8ISB6
Q0HVI0	Q0HVI0
A3RL32	A3RL32
A0A0E9DI72	A0A0E9DI72
A0A068X0R0	A0A068X0R0
A0A0K9QZU0	A0A0K9QZU0
A0A0K9QZU0	A0A0R0F2W3
A0A0K9QZU0	J3LFJ9
A0A0A4BN97	A0A0A4BN97
E7EK27	E7EK27
Q821C7	Q821C7
Q821C7	C3W7Z4
Q821C7	B0BCM4
A0A0S3RG47	A0A0S3RG47
A0A086QCI7	A0A086QCI7
B3XV28	B3XV28
B3XV28	B5ZAQ4
B3XV28	B3XSE9
R0F4B1	R0F4B1
A7H000	A7H000
Q89AP8	Q89AP8
B3A053	B3A053
Q5GAE9	Q5GAE9
Q5GAE9	Q6GZX4
A0A0M2DRK1	A0A0M2DRK1
A0A0M2DRK1	A0A0K6I9W3
A0A117SPS2	A0A117SPS2
A0A0M3FVU5	A0A0M3FVU5
Q14K23	Q14K23
Q14K23	A0Q8F6
I2X9J3	I2X9J3
Q7UA74	Q7UA74
Q7UA74	A0A0H5PP81
A1ALB2	A1ALB2
H2VU32	H2VU32
G1L3N7	G1L3N7
I1XFD6	I1XFD6
A0A0P5HZH7	A0A0P5HZH7
G8N4J5	G8N4J5
Q6ANB6	Q6ANB6
A0A0C6EUG5	A0A0C6EUG5
U3FXE6	U3FXE6
M8KMN1	M8KMN1
M8KMN1	F3WDC0
M8KMN1	A0A076LUL9
Q4ZJF0	Q4ZJF0
B4MR28	B4MR28
A0A0A6L5H5	A0A0A6L5H5
F7ATJ9	F7ATJ9
K7CUT0	K7CUT0
V4TYX3	V4TYX3
A1DA48	A1DA48
B8GDH2	B8GDH2
B8GDH2	L0HIB7
A0A087HI71	A0A087HI71
A0A090N9R2	A0A090N9R2
B2S328	B2S328
T0R4R2	T0R4R2
T0R4R2	A0A0W0AM78
P85055	P85055
A0A0D2ZUZ6	A0A0D2ZUZ6
O55655	O55655
O55655	J9Z4Q7
D8WRW2	D8WRW2
M3WC16	M3WC16
M3WC16	F7CN87
M3WC16	A0A0G2KB04
H7G025	H7G025
A0A0G9KMR7	A0A0G9KMR7
A0A0G9KMR7	D5V5Q0
C7AGE9	C7AGE9
C7AGE9	Q70WL7
A0A0H3MBV2	A0A0H3MBV2
P9WL51	P9WL51
P9WL51	A0A0T9ELU3
A0A127RGC5	A0A127RGC5
A0A127RGC5	R4UD67
A0A127RGC5	W5WIH1
A0A127RGC5	A0A0H1A5K7
N1NWK3	N1NWK3
N1NWK3	A0A0D4GSN8
A0A088E3R6	A0A088E3R6
W2SRH0	W2SRH0
Q2CEE2	Q2CEE2
A0A049E895	A0A049E895
A0A0F2BNK0	A0A0F2BNK0
F8RDH4	F8RDH4
F8RDH4	L0N6H8
A0A069AJK9	A0A069AJK9
A0A076HAA0	A0A076HAA0
A0A0H3M9L4	A0A0H3M9L4
V4KGE6	V4KGE6
A0A0E1LTF9	A0A0E1LTF9
A0A0E1LTF9	S6G2N0
B2DAJ4	B2DAJ4
A0A0J8RIS4	A0A0J8RIS4
L7XDX8	L7XDX8
F1L2M9	F1L2M9
A0A0D9S275	A0A0D9S275
A0A0D9S275	H2NZA8
A0A0D9S275	M0QYY9
A0A061DLR3	A0A061DLR3
A0A0D3EAG5	A0A0D3EAG5
A0A0K9MT39	A0A0K9MT39
A0A0K9MT39	J0JY13
A0A0K9MT39	M3NSZ4
B4FJS2	B4FJS2
D3S0P4	D3S0P4
T0LSS0	T0LSS0
R0FVU8	R0FVU8
M2BW37	M2BW37
M2BW37	A0A0A0X291
D1FNK3	D1FNK3
Q2IAE2	Q2IAE2
S4YSX8	S4YSX8
Q6EJ97	Q6EJ97
O83050	O83050
Q2NNZ7	Q2NNZ7
Q2NNZ7	L0CK14
Q2NNZ7	O10329
V9MME0	V9MME0
V9MME0	A0A068CER9
Q9H5I5	Q9H5I5
Q9H5I5	W5M2S6
V5TCB0	V5TCB0
A0A0R2L1H3	A0A0R2L1H3
A0A0R2L1H3	A0A0R2DHE7
A8GT54	A8GT54
I2X9Y3	I2X9Y3
I2X9Y3	H4KH95
M5XFK5	M5XFK5
A8IKZ4	A8IKZ4
A8IKZ4	A8BPB8
R0FZN7	R0FZN7
G7J9U2	G7J9U2
G7J9U2	M0RFT5
A0A0F3QZ38	A0A0F3QZ38
T1DWD4	T1DWD4
M4D320	M4D320
A0A0B1TI74	A0A0B1TI74
P0CA89	P0CA89
A0A0V0IUA7	A0A0V0IUA7
Q5HD13	Q5HD13
Q5HD13	A0A0K6KGZ6
F2PXX4	F2PXX4
M3VYQ7	M3VYQ7
M3VYQ7	F7D8U7
M3VYQ7	G3WUL1
P52343	P52343
P0C9G7	P0C9G7
P0C9G7	P0C9G6
A5U5Y8	A5U5Y8
A5U5Y8	A0A089QP58
A2QA83	A2QA83
A2QA83	A0A0S7E569
B9S6R2	B9S6R2
B9S6R2	A0A151R296
A0A0V0IT37	A0A0V0IT37
Q9EVG3	Q9EVG3
Q7TER5	Q7TER5
Q7TER5	A0A0G2TAU7
H2Q3T0	H2Q3T0
Q1Z822	Q1Z822
G5CA64	G5CA64
A0A0B2SJZ1	A0A0B2SJZ1
A0A0B2SJZ1	Q5G7K0
Q5W939	Q5W939
R0G622	R0G622
R0G622	A0A078H7G3
R0G622	A0A078GDK6
V8NWE0	V8NWE0
K7A7J6	K7A7J6
P84451	P84451
M8CM40	M8CM40
G5B7N3	G5B7N3
G5B7N3	H2QKF8
G5B7N3	S7PKP3
D5U1R0	D5U1R0
I3M8B4	I3M8B4
I3M8B4	A0A024R4J8
I3M8B4	E2FGH6
I3M8B4	G3R6P6
I3M8B4	H2NZU3
Q2ABY2	Q2ABY2
Q951B3	Q951B3
A0A061E162	A0A061E162
F0MC49	F0MC49
F7CCT3	F7CCT3
F7CCT3	L8Y9N5
A0A0F6CM11	A0A0F6CM11
G1S610	G1S610
A0A0P0N331	A0A0P0N331
F8AMH7	F8AMH7
F8AMH7	H1KZ11
A0A0F5Z7U6	A0A0F5Z7U6
A8T790	A8T790
P86573	P86573
F2CWU6	F2CWU6
P0C2V9	P0C2V9
A0A0B2QZS0	A0A0B2QZS0
A0A0B2QZS0	M4CQC9
A0A0H3LDQ7	A0A0H3LDQ7
A0A0H3LDQ7	F8M5R9
A0A0F3PGY3	A0A0F3PGY3
A0A0F3PGY3	A0A0F3MRK0
A0A0U4X9P5	A0A0U4X9P5
B2ZYZ1	B2ZYZ1
B2ZYZ1	Q4ZDM3
H0VB07	H0VB07
A0A0T6AMN8	A0A0T6AMN8
A0A0H3DKM1	A0A0H3DKM1
A0A073KJ80	A0A073KJ80
J8PYI9	J8PYI9
V4SHJ0	V4SHJ0
D7M672	D7M672
D7M672	D6PS10
D7M672	A0A078CU28
D2WPI6	D2WPI6
G4ELG3	G4ELG3
C5MHT6	C5MHT6
C5IAR9	C5IAR9
A0A0I9NVF2	A0A0I9NVF2
A0A0I9NVF2	A0A084CI13
A0A0I9NVF2	A0A088NLD6
A0A0I9NVF2	J8PZ88
A0A0I9NVF2	I3V0Z9
A0A0I9NVF2	A0A023C4Z1
F6UBZ3	F6UBZ3
X8CIR2	X8CIR2
V7L136	V7L136
A0A0D1MCS8	A0A0D1MCS8
A0A0D1MCS8	A0A0M8JJ16
A0A0G4DZ51	A0A0G4DZ51
C9V674	C9V674
A0A0H4TM66	A0A0H4TM66
A0A0H4TM66	Q01WB0
Q9ZHS2	Q9ZHS2
C4KHS6	C4KHS6
A0A0D3DCX2	A0A0D3DCX2
A0A0D3DCX2	D7M3V2
C0AG34	C0AG34
C0AG34	B1RYE9
S9PZC8	S9PZC8
A0A0W8FPM7	A0A0W8FPM7
B5BNK0	B5BNK0
A0A0A0KMJ6	A0A0A0KMJ6
H7F2K1	H7F2K1
F8M3J1	F8M3J1
E3LRY8	E3LRY8
C5MC92	C5MC92
C5MC92	A0A0A3F6N1
C5MC92	A0A0A6MFK0
W9C880	W9C880
D3BN01	D3BN01
A0A0H3A7L6	A0A0H3A7L6
A0A0H3A7L6	S7UQH6
L8ICF2	L8ICF2
L8ICF2	G9KBR1
L8ICF2	G7NHS5
E3N087	E3N087
G3REV1	G3REV1
A0A0N8W923	A0A0N8W923
A0A074JQ44	A0A074JQ44
A0A074JQ44	A0A059IT40
T4VVD7	T4VVD7
C4YYE6	C4YYE6
C4YYE6	A0A126E995
C4YYE6	A0A0F3PH64
A0A087H050	A0A087H050
A0A0D9Y970	A0A0D9Y970
A0A0D9Y970	A0A0J8C331
A0A0D9Y970	C6TDT1
A0A0D9Y970	C0Z2T3
A0A0D9Y970	I1HFK6
A0A0D9Y970	V7BAS1
A0A0D9Y970	A0A0K9PIM6
A0B5E6	A0B5E6
Q04Z48	Q04Z48
Q9QUF2	Q9QUF2
A0A0F3NCY1	A0A0F3NCY1
A0A078GNG1	A0A078GNG1
A0A022QUA2	A0A022QUA2
H2U0C5	H2U0C5
A8GNV3	A8GNV3
A0A0R5E803	A0A0R5E803
A0A120IWU9	A0A120IWU9
A0A0B2RCL2	A0A0B2RCL2
A0A0B2RCL2	A0A0D9WSM8
B3P3E8	B3P3E8
A0A073KXL7	A0A073KXL7
A0A073KXL7	M7CH52
A0A073KXL7	X8GXL3
M4F6P2	M4F6P2
S7IJN3	S7IJN3
W5PA15	W5PA15
A0A0D6MD18	A0A0D6MD18
Q6TY35	Q6TY35
A0A097NSJ9	A0A097NSJ9
K4D9N8	K4D9N8
P06257	P06257
B4UBA4	B4UBA4
D0RH95	D0RH95
A9YMF1	A9YMF1
A9YMF1	J9TAY5
Q16KE1	Q16KE1
F6R1V2	F6R1V2
G7P1V1	G7P1V1
G7P1V1	D2I1M8
A8WX66	A8WX66
P0DO97	P0DO97
A0A0J9QYK8	A0A0J9QYK8
W8NZK6	W8NZK6
H3DXW2	H3DXW2
D3S4F4	D3S4F4
D3S4F4	A4FWM4
A0A0D3E0E0	A0A0D3E0E0
A0A0D3E0E0	A0A078J071
A0A0D3E0E0	D7LR64
A6UP65	A6UP65
A6UP65	D3S4E7
E1IG16	E1IG16
P36782	P36782
Q4A9B0	Q4A9B0
Q4A9B0	A0A077L6V9
Q4A9B0	I5D6J5
Q4A9B0	A0A084F1E3
B9LFG0	B9LFG0
B9LFG0	E1IE04
A0A0M4RLC1	A0A0M4RLC1
A0A093FM53	A0A093FM53
A0A093FM53	A0A094NLU3
Q9S1E5	Q9S1E5
A0A151Z435	A0A151Z435
H6QCS0	H6QCS0
A0A022Q2T2	A0A022Q2T2
B0LG73	B0LG73
Q9S851	Q9S851
Q4UML8	Q4UML8
A9JLC5	A9JLC5
A5JYT1	A5JYT1
A0A0D0LYI1	A0A0D0LYI1
G7MXV1	G7MXV1
I3SMC9	I3SMC9
A6NMA1	A6NMA1
A6NMA1	Q3UHV4
P81596	P81596
F0ZC66	F0ZC66
A0A0C7T8H0	A0A0C7T8H0
A8EXB0	A8EXB0
A8EXB0	A0A0F3PNV5
P02135	P02135
A0A078D4X6	A0A078D4X6
E0NAZ6	E0NAZ6
A0A101IR46	A0A101IR46
B2S9G0	B2S9G0
M1IE53	M1IE53
M1IE53	M1HW42
V4L0R2	V4L0R2
V4L0R2	M0TBK9
Q54IW5	Q54IW5
A0A151Z6A8	A0A151Z6A8
A0A0A1XY30	A0A0A1XY30
A0A0D3A3W4	A0A0D3A3W4
A3EWL3	A3EWL3
B0FJ10	B0FJ10
Q85245	Q85245
Q85245	A7U8D5
B2MVK7	B2MVK7
A0A0P0GER9	A0A0P0GER9
V9PDT8	V9PDT8
G7MRE4	G7MRE4
G7MRE4	Q1XHT8
G7MRE4	F7ING9
A0A0G2NRY8	A0A0G2NRY8
I6Y2S5	I6Y2S5
G5J5D5	G5J5D5
A0A061F8R1	A0A061F8R1
A0A0Q0NDH7	A0A0Q0NDH7
A0A0Q0NDH7	A0A085PF33
A0A0S1TIG6	A0A0S1TIG6
I2C475	I2C475
A0A0C5K4G6	A0A0C5K4G6
A0A0C5K4G6	A0A0U4CGL4
A0A0C5K4G6	A1K6Y7
A0A0K2MK99	A0A0K2MK99
A0A0E9AX46	A0A0E9AX46
A0A096N3B8	A0A096N3B8
A9JLC2	A9JLC2
A8UVX5	A8UVX5
A2XE31	A2XE31
A0A0V8BXL3	A0A0V8BXL3
A0A0V8BXL3	U5PIR8
I6XWN4	I6XWN4
I6XWN4	M8CHU1
P22972	P22972
A0A067JR72	A0A067JR72
A0A067JR72	M5VP33
A0A0B2P7L1	A0A0B2P7L1
A9JM43	A9JM43
A0A0R3BSA5	A0A0R3BSA5
B3QQ41	B3QQ41
K9QJ20	K9QJ20
A0A0A6Q6I0	A0A0A6Q6I0
A0A0A6Q6I0	A0A0A3CT78
A0A0A6Q6I0	A0A0A6IMW6
A0A0A6Q6I0	A0A0A3DSR5
Q2GL45	Q2GL45
H0WYA9	H0WYA9
Q9QTB7	Q9QTB7
E9XQ77	E9XQ77
E9XQ77	S0WGB7
E9XQ77	B7N8B5
S9XBL3	S9XBL3
H8WY72	H8WY72
H8WY72	A0A0A6IU23
H8WY72	A0A0A6JIT1
M5XKQ5	M5XKQ5
M9UDW7	M9UDW7
Q5S402	Q5S402
I0YY17	I0YY17
B4JND4	B4JND4
I7CUK1	I7CUK1
A0A0D6KD42	A0A0D6KD42
A0A0T9WBS3	A0A0T9WBS3
Q9PQV5	Q9PQV5
Q70H14	Q70H14
Q196T9	Q196T9
A2ZHM5	A2ZHM5
A0A125X237	A0A125X237
O83108	O83108
A7VLW6	A7VLW6
A0A127EIR8	A0A127EIR8
S0ANB9	S0ANB9
A0A0E0E2G6	A0A0E0E2G6
A0A0E0E2G6	A0A0E0AAD8
A0A0E0E2G6	A0A0V0IXA6
A0A0E0E2G6	Q9FNM7
D3S489	D3S489
A0A0E0WBG2	A0A0E0WBG2
H6KUN3	H6KUN3
A0A0W3E393	A0A0W3E393
A0A017NE31	A0A017NE31
A0A017NE31	A0A0E2SY52
A0A0T2MBY0	A0A0T2MBY0
A0A0M2EZT3	A0A0M2EZT3
A0A0M2EZT3	Q2ERY1
A0A0M2EZT3	A0A0G4K108
A0A0L7B4Z5	A0A0L7B4Z5
A0A0Q0HSL8	A0A0Q0HSL8
O27795	O27795
O27795	C9RID1
B3EP24	B3EP24
F7H8Y8	F7H8Y8
F7H8Y8	U6DM23
A2C116	A2C116
A0A0D3C8M7	A0A0D3C8M7
K4FEM4	K4FEM4
K4FEM4	I6ZY74
Q2LL30	Q2LL30
G7LI77	G7LI77
G7LI77	M5W1N7
G7LI77	I3SQ41
G7LI77	I1NQ12
A0A078F0R5	A0A078F0R5
A0JLZ0	A0JLZ0
A0A0K9RKE3	A0A0K9RKE3
E4QTQ3	E4QTQ3
E4QTQ3	A0A084U3M9
A0A076FRD0	A0A076FRD0
I0VKZ1	I0VKZ1
Q3Z954	Q3Z954
E5AXX4	E5AXX4
W5NFE4	W5NFE4
E1F9L2	E1F9L2
K7QLH3	K7QLH3
K7QLH3	Q6GWH9
G8FRJ1	G8FRJ1
G1QCD1	G1QCD1
Q8STI7	Q8STI7
Q8STI7	Q06202
G9CUC3	G9CUC3
V8KHT5	V8KHT5
F1PU63	F1PU63
G8H191	G8H191
G8H191	I3VR67
M1K4Q6	M1K4Q6
G1QII2	G1QII2
S9WZZ5	S9WZZ5
S9WZZ5	S9Q0J0
G3QVK0	G3QVK0
Q9LIA1	Q9LIA1
A0A0D3CVA4	A0A0D3CVA4
P86017	P86017
Q97CE5	Q97CE5
A0A0Q2QLK1	A0A0Q2QLK1
A3EXA4	A3EXA4
A0A154M8X1	A0A154M8X1
A0A0A3CD63	A0A0A3CD63
A0A0A3CD63	A0A0A3DMW6
G8IJJ0	G8IJJ0
D8QQD0	D8QQD0
S4UJY4	S4UJY4
C0MDJ6	C0MDJ6
A0A0D3DEX6	A0A0D3DEX6
E1QI13	E1QI13
G9KP97	G9KP97
G2QY27	G2QY27
A0A078IT67	A0A078IT67
Q9NPB0	Q9NPB0
Q9NPB0	S7N640
Q9NPB0	G1KA27
A0A0N9RUS2	A0A0N9RUS2
G7P125	G7P125
P14345	P14345
M4DPY8	M4DPY8
Q7R7Y1	Q7R7Y1
A0A078D7S5	A0A078D7S5
V9K875	V9K875
V9K875	P61584
V9K875	W5L5K8
A0A0A7GGU8	A0A0A7GGU8
M9TG29	M9TG29
A0A0D2PVD2	A0A0D2PVD2
A0A0D2PVD2	C6TDZ2
A0A0D2PVD2	A0A0B2QCG7
C0F9Q7	C0F9Q7
C0F9Q7	M9WS71
C0F9Q7	A0A0U1D7M4
E7NQD3	E7NQD3
Q8JJ51	Q8JJ51
Q8JJ51	U3TDH2
Q8JJ51	T1E3C5
Q8JJ51	B7U492
Q8JJ51	P20165
A0A0C5AYT8	A0A0C5AYT8
F9H1L9	F9H1L9
P11736	P11736
U6PK57	U6PK57
Q68XR7	Q68XR7
E8U4P1	E8U4P1
E8U4P1	A0A0B0SEG5
C0AN83	C0AN83
M4CJ77	M4CJ77
D7LTR4	D7LTR4
D7LTR4	A0A078GDU4
A0A133N5D2	A0A133N5D2
A0A0M4H8E8	A0A0M4H8E8
A0A0M4H8E8	Q8NXF3
A0A0M4H8E8	A0A0F7PXC4
A0A0K8VVD6	A0A0K8VVD6
A0A099HW72	A0A099HW72
H5SJ14	H5SJ14
K2QA60	K2QA60
B5EBP2	B5EBP2
G1RBV1	G1RBV1
G1RBV1	H0X9C2
G1RBV1	D3ZPF9
A0A084AEB0	A0A084AEB0
A0A084AEB0	F9VBT1
A0A084AEB0	V8AQZ1
A0A0F2NBY7	A0A0F2NBY7
B4L1Z8	B4L1Z8
A0A0C5B0C3	A0A0C5B0C3
A0A0C5B0C3	A9JLE5
U5CJR1	U5CJR1
A0A143PFP3	A0A143PFP3
A0A0C6DJL9	A0A0C6DJL9
G0P8V8	G0P8V8
G0P8V8	E3N423
A0A0F2BRA3	A0A0F2BRA3
W5MQE3	W5MQE3
W5MQE3	Q8MTR8
W7L6E6	W7L6E6
W7L6E6	A4YCR1
W7L6E6	A0A088E4C5
Q89048	Q89048
Q89048	Q89046
A0A0E1N8S4	A0A0E1N8S4
E4XQ20	E4XQ20
E4XQ20	B0JYP1
Q9I3I4	Q9I3I4
A0A0D6QLB9	A0A0D6QLB9
A0A0H2Z8D5	A0A0H2Z8D5
A0A013Y025	A0A013Y025
A0A0E0NFV5	A0A0E0NFV5
A0A0E0NFV5	B8AIZ2
A0A0K2KVZ6	A0A0K2KVZ6
A0A0S1YCK8	A0A0S1YCK8
R0ISV1	R0ISV1
Q0W278	Q0W278
Q0W278	G7WLU8
A0A146CJ25	A0A146CJ25
A0A146CJ25	P0C293
A0A146CJ25	P0C1B7
Q5JIH3	Q5JIH3
A0A0M1IWX9	A0A0M1IWX9
Q8F3L4	Q8F3L4
Q9WSQ7	Q9WSQ7
A0A0D3BKG6	A0A0D3BKG6
A0A0D3BKG6	P0C8Q2
I4GWS0	I4GWS0
A0A0U5K767	A0A0U5K767
A0A0U5K767	C2KIB3
A0A0D5R375	A0A0D5R375
A0A0D5R375	A0A0G9GQU6
A0A0D5R375	A0A0B2NP75
A0A0D5R375	W8VI18
A0A0G2ZTZ0	A0A0G2ZTZ0
A0A0G2ZTZ0	H8MLY7
A0A150KQU0	A0A150KQU0
A0A150KQU0	A0A0F0A420
I3RCP7	I3RCP7
V4KV34	V4KV34
M4DPP9	M4DPP9
M4DPP9	V4KIH0
A0A0M7GES9	A0A0M7GES9
A0A0M7GES9	A0A0A2N8N8
A0A0M7GES9	A0A063UVE0
R0H4P4	R0H4P4
A0A0E1ZLU7	A0A0E1ZLU7
B4K074	B4K074
B4K074	B4NHX2
Q8JQG1	Q8JQG1
B8XH42	B8XH42
G1Q019	G1Q019
A0A0C7NSH1	A0A0C7NSH1
A0A0H6HXJ1	A0A0H6HXJ1
C6CQH3	C6CQH3
C6CQH3	E0SLG0
A0A0K8WBF3	A0A0K8WBF3
A0A0E1M1Q7	A0A0E1M1Q7
A0A0E1M1Q7	A0A024L9T4
Q27559	Q27559
H0X909	H0X909
H0X909	H2N9I9
Q64564	Q64564
N6Y8D7	N6Y8D7
G3QZ94	G3QZ94
B4P2U0	B4P2U0
P57543	P57543
P57543	X2HAK8
B5ZBR3	B5ZBR3
O29926	O29926
A0A0T9RYN1	A0A0T9RYN1
A0A0T9RYN1	P68589
W7KVN6	W7KVN6
A0A0L9TUN2	A0A0L9TUN2
A0A0F9N7Z1	A0A0F9N7Z1
A0A098MTG2	A0A098MTG2
Q8NEP3	Q8NEP3
Q8NEP3	G1NZ79
Q8NEP3	B6D5P6
Q8NEP3	B6D5P3
Q8NEP3	L5JQR7
U3RAY0	U3RAY0
G0N5N1	G0N5N1
B3CN31	B3CN31
B3CN31	A0A0F3NCL5
A0SZY0	A0SZY0
A9WWA1	A9WWA1
A0A0P7ZTE4	A0A0P7ZTE4
A0A0P7ZTE4	A0A0S3MYM5
H2J5N7	H2J5N7
Q4P5B3	Q4P5B3
P07835	P07835
P07835	Q1AMR3
Q812A9	Q812A9
Q1RHG9	Q1RHG9
A0A089N2B7	A0A089N2B7
M4DBE9	M4DBE9
A0A086PFM1	A0A086PFM1
Q296B0	Q296B0
A0A0A3C4E0	A0A0A3C4E0
A0A0A3C4E0	A0A0A4BWW7
A0A0A3C4E0	A0A0A3X6B6
A0A0A3C4E0	G3AP41
Q9IH84	Q9IH84
A0A0A6J9P3	A0A0A6J9P3
A0A0A6J9P3	A0A0A3WYI1
Q995C5	Q995C5
Q995C5	B3SN49
Q995C5	O11997
H2VHY3	H2VHY3
A0A146MP42	A0A146MP42
M4DPJ0	M4DPJ0
M4DPJ0	R0GTK4
H8KAJ2	H8KAJ2
A0A068A9X7	A0A068A9X7
P72183	P72183
A0A0R2ABI1	A0A0R2ABI1
Q52MQ1	Q52MQ1
U6DRH1	U6DRH1
M3YFU3	M3YFU3
E7NIC0	E7NIC0
M3Y7Q3	M3Y7Q3
U3X5H2	U3X5H2
V4LTI8	V4LTI8
G1QQZ5	G1QQZ5
A0A0P6CXQ9	A0A0P6CXQ9
A0A0P6CXQ9	B8Y8L2
A0A0P1DEH9	A0A0P1DEH9
S9NZS2	S9NZS2
A0A023F441	A0A023F441
U5CFJ0	U5CFJ0
D7KME4	D7KME4
D7KME4	A0A078GR67
A0A0U4V5A0	A0A0U4V5A0
B6J3T6	B6J3T6
U2QUX9	U2QUX9
E2SIY9	E2SIY9
A0A085TKN9	A0A085TKN9
G3WJ21	G3WJ21
G3WJ21	G1SJA4
H6Q9Q5	H6Q9Q5
A0A0P0N2L4	A0A0P0N2L4
H7C8G6	H7C8G6
Q9PQH1	Q9PQH1
Q1MNG5	Q1MNG5
Q06AK7	Q06AK7
Q06AK7	Q99UM1
A0A0B0PUI5	A0A0B0PUI5
A0A0N9RQX6	A0A0N9RQX6
W8RLU6	W8RLU6
D7MED3	D7MED3
D7MED3	M4D4Y3
A0A023ZVS1	A0A023ZVS1
A0A023ZVS1	A0A097J573
A0A023ZVS1	A0A0M7Q7T7
B8H9E8	B8H9E8
A0A0A3EDA2	A0A0A3EDA2
A0A0A3EDA2	A0A0A3DAQ6
G3QRH9	G3QRH9
Q9LM84	Q9LM84
Q902F8	Q902F8
F8CRG7	F8CRG7
C4YXG5	C4YXG5
C4YXG5	D5AY51
A0A0R1KV22	A0A0R1KV22
A0A0K9R882	A0A0K9R882
M3YDQ9	M3YDQ9
M3YDQ9	L8IEL7
A0A0F3Q8P2	A0A0F3Q8P2
A0A0F3Q8P2	W7E5N7
I1GTY5	I1GTY5
M9NDM4	M9NDM4
M9NDM4	I1GIT3
Q5KSR4	Q5KSR4
Q5KSR4	W5VXJ9
B2GEU8	B2GEU8
A0A0A6MYT5	A0A0A6MYT5
A0A0E1UHC6	A0A0E1UHC6
Q0K846	Q0K846
A0A102CQG4	A0A102CQG4
Q8TZM7	Q8TZM7
B9K9C8	B9K9C8
A0A096ZH03	A0A096ZH03
A9RJ57	A9RJ57
A0A0J6WG83	A0A0J6WG83
I6RSH7	I6RSH7
Q7XA40	Q7XA40
Q7XA40	D1M6Z6
A0A0H3L8S1	A0A0H3L8S1
A0A0H3L8S1	A0A0T9AX97
K7ZVQ9	K7ZVQ9
A0A0M4AW83	A0A0M4AW83
A0A0M4AW83	A0A141NYY4
B2DAC9	B2DAC9
A0A0C1WMU4	A0A0C1WMU4
A0A0C5DCC2	A0A0C5DCC2
Q5GA86	Q5GA86
A0A0M4EIT3	A0A0M4EIT3
A0A0M4EIT3	B4ITX5
A0A158NM65	A0A158NM65
P18145	P18145
R6MJ77	R6MJ77
B3EMS2	B3EMS2
A0A0V0IVY8	A0A0V0IVY8
A0A0A9Y8X2	A0A0A9Y8X2
A0A0A9Y8X2	A0A0P5HHH1
A0A0V8DLK5	A0A0V8DLK5
A0A0F6HCD4	A0A0F6HCD4
A0A022WK13	A0A022WK13
F2AHY2	F2AHY2
F2AHY2	A0A0C2UXI9
A0A158R081	A0A158R081
X0QU42	X0QU42
X0QU42	A0A0U1HQ09
X0QU42	A0A0T9TD68
X0QU42	A0A059IFX5
A0A0D2LTY5	A0A0D2LTY5
F8LMQ8	F8LMQ8
F8LMQ8	A0A0P6UZ60
A0A059ZXS9	A0A059ZXS9
A0A059ZXS9	A0A060A1R5
B2S4C3	B2S4C3
F6DEC5	F6DEC5
R4I800	R4I800
Q8AY44	Q8AY44
Q8AY44	Q9PRV9
P9WL33	P9WL33
G4NTA6	G4NTA6
G4NTA6	Q8XHG1
A0A0N9S3G4	A0A0N9S3G4
U2FVH9	U2FVH9
P0A369	P0A369
A0A0P9QW13	A0A0P9QW13
B4M729	B4M729
Q9W1R5	Q9W1R5
A0A0K8P9G4	A0A0K8P9G4
A8WUJ9	A8WUJ9
D1ASB7	D1ASB7
A0A0Y7IVK1	A0A0Y7IVK1
A0A0Y7IVK1	A0A0M3G062
W7YKJ4	W7YKJ4
G0EN65	G0EN65
W5GZ84	W5GZ84
W5GZ84	F6HFF2
W5GZ84	I1PH07
P56164	P56164
A0A075C2T8	A0A075C2T8
A0A075C2T8	E3V058
L8Q3Z9	L8Q3Z9
L8Q3Z9	A0A150F480
L8Q3Z9	C4P927
L8Q3Z9	A7Z9Z2
A0A0A3DKK4	A0A0A3DKK4
A0A0A3DKK4	A0A0L0NY42
W1WWR1	W1WWR1
D2AJJ3	D2AJJ3
A0A0P6JHM9	A0A0P6JHM9
A0A0B2R4L8	A0A0B2R4L8
Q8WKX7	Q8WKX7
M6C420	M6C420
A0A0K9U7G6	A0A0K9U7G6
A0A0K9U7G6	A0A0H6WAQ4
A0A077WFX4	A0A077WFX4
A0A077WFX4	I1BGU3
A0A067JX20	A0A067JX20
A0A067JX20	A0A0D2QBL8
I3RWJ5	I3RWJ5
Q96P15	Q96P15
Q96P15	G5BH05
R4MP16	R4MP16
A3DFJ7	A3DFJ7
A0A0Q7D274	A0A0Q7D274
A0A0Q7D274	A0A0Q7TBK7
A0A0M1U5A7	A0A0M1U5A7
D9IWK1	D9IWK1
D9IWK1	T0J0N8
M2T4Z8	M2T4Z8
M2T4Z8	M2U4Y0
A0A117STR7	A0A117STR7
B3NQQ7	B3NQQ7
B3NQQ7	B3MH12
B3NQQ7	B5T1Z3
B3NQQ7	B5T204
Q4MUS4	Q4MUS4
A0A022QKH8	A0A022QKH8
S7U5E7	S7U5E7
V5R5N6	V5R5N6
V5R5N6	V5R5G7
Q3YSH6	Q3YSH6
A0A0N8ETH9	A0A0N8ETH9
A0A0N8ETH9	I3L6H3
Q6KIA6	Q6KIA6
V0WES0	V0WES0
A0A142GTX9	A0A142GTX9
Q5KWW6	Q5KWW6
C7AHW1	C7AHW1
A0A075WF44	A0A075WF44
P9WJ49	P9WJ49
S8G8W2	S8G8W2
A0A016QPF5	A0A016QPF5
A0A0V8E4B7	A0A0V8E4B7
Q9GTU4	Q9GTU4
A0A0E1TWR2	A0A0E1TWR2
A0A0E1TWR2	C4S9I0
A0A0D6LM80	A0A0D6LM80
M5RVN2	M5RVN2
A0A0E0V7D8	A0A0E0V7D8
F2KNF7	F2KNF7
G3NZ67	G3NZ67
G3NZ67	Q5JSG7
A0A098N1D3	A0A098N1D3
U4LTL9	U4LTL9
I4ITM4	I4ITM4
W7D166	W7D166
W7D166	I4X7T7
W7D166	W4QCR1
W7D166	A0A0F5X669
A0A075LV91	A0A075LV91
A0A075LV91	A0A0U3R0I7
C3PNF1	C3PNF1
C3PNF1	A0A0C2MQ05
C3PNF1	G0GY24
A0A0A0LLT8	A0A0A0LLT8
B9GA19	B9GA19
A0A069EXL6	A0A069EXL6
G4EZ92	G4EZ92
G4EZ92	A0A0D1JME1
G4EZ92	A0A0H2XF75
E7CLP0	E7CLP0
A0A0D3CTA4	A0A0D3CTA4
Q2M2U5	Q2M2U5
D6PRZ4	D6PRZ4
A0A078EVB8	A0A078EVB8
Q9EZ26	Q9EZ26
A0A0S3SCA7	A0A0S3SCA7
F7Z098	F7Z098
A0A0C5CDS1	A0A0C5CDS1
F1R375	F1R375
